id,topic,word,part_of_speech,meaning,example,review_day
1,Character,kind,,,I use the word kind.,"1,2,4,7,14,30"
2,Character,honest,,,I use the word honest.,"1,2,4,7,14,30"
3,Character,brave,,,I use the word brave.,"1,2,4,7,14,30"
4,Character,calm,,,I use the word calm.,"1,2,4,7,14,30"
5,Character,careful,,,I use the word careful.,"1,2,4,7,14,30"
6,Character,clever,,,I use the word clever.,"1,2,4,7,14,30"
7,Character,friendly,,,I use the word friendly.,"1,2,4,7,14,30"
8,Character,generous,,,I use the word generous.,"1,2,4,7,14,30"
9,Character,patient,,,I use the word patient.,"1,2,4,7,14,30"
10,Character,polite,,,I use the word polite.,"1,2,4,7,14,30"
11,Character,serious,,,I use the word serious.,"1,2,4,7,14,30"
12,Character,shy,,,I use the word shy.,"1,2,4,7,14,30"
13,Character,strong,,,I use the word strong.,"1,2,4,7,14,30"
14,Character,weak,,,I use the word weak.,"1,2,4,7,14,30"
15,Character,curious,,,I use the word curious.,"1,2,4,7,14,30"
16,Character,lazy,,,I use the word lazy.,"1,2,4,7,14,30"
17,Character,active,,,I use the word active.,"1,2,4,7,14,30"
18,Character,quiet,,,I use the word quiet.,"1,2,4,7,14,30"
19,Character,confident,,,I use the word confident.,"1,2,4,7,14,30"
20,Character,funny,,,I use the word funny.,"1,2,4,7,14,30"
21,Character,helpful,,,I use the word helpful.,"1,2,4,7,14,30"
22,Character,selfish,,,I use the word selfish.,"1,2,4,7,14,30"
23,Character,cheerful,,,I use the word cheerful.,"1,2,4,7,14,30"
24,Character,creative,,,I use the word creative.,"1,2,4,7,14,30"
25,Character,reliable,,,I use the word reliable.,"1,2,4,7,14,30"
26,Character,rude,,,I use the word rude.,"1,2,4,7,14,30"
27,Character,adult,,,I use the word adult.,"1,2,4,7,14,30"
28,Character,child,,,I use the word child.,"1,2,4,7,14,30"
29,Character,person,,,I use the word person.,"1,2,4,7,14,30"
30,Character,man,,,I use the word man.,"1,2,4,7,14,30"
31,Character,woman,,,I use the word woman.,"1,2,4,7,14,30"
32,Character,leader,,,I use the word leader.,"1,2,4,7,14,30"
33,Character,guest,,,I use the word guest.,"1,2,4,7,14,30"
34,Character,customer,,,I use the word customer.,"1,2,4,7,14,30"
35,Character,neighbor,,,I use the word neighbor.,"1,2,4,7,14,30"
36,Character,stranger,,,I use the word stranger.,"1,2,4,7,14,30"
37,Character,hero,,,I use the word hero.,"1,2,4,7,14,30"
38,Character,villain,,,I use the word villain.,"1,2,4,7,14,30"
39,Character,friend,,,I use the word friend.,"1,2,4,7,14,30"
40,Character,enemy,,,I use the word enemy.,"1,2,4,7,14,30"
41,Parts of the Body,head,,,I use the word head.,"1,2,4,7,14,30"
42,Parts of the Body,neck,,,I use the word neck.,"1,2,4,7,14,30"
43,Parts of the Body,shoulder,,,I use the word shoulder.,"1,2,4,7,14,30"
44,Parts of the Body,arm,,,I use the word arm.,"1,2,4,7,14,30"
45,Parts of the Body,elbow,,,I use the word elbow.,"1,2,4,7,14,30"
46,Parts of the Body,hand,,,I use the word hand.,"1,2,4,7,14,30"
47,Parts of the Body,finger,,,I use the word finger.,"1,2,4,7,14,30"
48,Parts of the Body,thumb,,,I use the word thumb.,"1,2,4,7,14,30"
49,Parts of the Body,chest,,,I use the word chest.,"1,2,4,7,14,30"
50,Parts of the Body,back,,,I use the word back.,"1,2,4,7,14,30"
51,Parts of the Body,stomach,,,I use the word stomach.,"1,2,4,7,14,30"
52,Parts of the Body,waist,,,I use the word waist.,"1,2,4,7,14,30"
53,Parts of the Body,leg,,,I use the word leg.,"1,2,4,7,14,30"
54,Parts of the Body,knee,,,I use the word knee.,"1,2,4,7,14,30"
55,Parts of the Body,foot,,,I use the word foot.,"1,2,4,7,14,30"
56,Parts of the Body,toe,,,I use the word toe.,"1,2,4,7,14,30"
57,Parts of the Body,ankle,,,I use the word ankle.,"1,2,4,7,14,30"
58,Parts of the Body,skin,,,I use the word skin.,"1,2,4,7,14,30"
59,Parts of the Body,bone,,,I use the word bone.,"1,2,4,7,14,30"
60,Parts of the Body,blood,,,I use the word blood.,"1,2,4,7,14,30"
61,Parts of the Body,heart,,,I use the word heart.,"1,2,4,7,14,30"
62,Parts of the Body,brain,,,I use the word brain.,"1,2,4,7,14,30"
63,Parts of the Body,muscle,,,I use the word muscle.,"1,2,4,7,14,30"
64,Family,family,,,I use the word family.,"1,2,4,7,14,30"
65,Family,parent,,,I use the word parent.,"1,2,4,7,14,30"
66,Family,father,,,I use the word father.,"1,2,4,7,14,30"
67,Family,mother,,,I use the word mother.,"1,2,4,7,14,30"
68,Family,son,,,I use the word son.,"1,2,4,7,14,30"
69,Family,daughter,,,I use the word daughter.,"1,2,4,7,14,30"
70,Family,brother,,,I use the word brother.,"1,2,4,7,14,30"
71,Family,sister,,,I use the word sister.,"1,2,4,7,14,30"
72,Family,husband,,,I use the word husband.,"1,2,4,7,14,30"
73,Family,wife,,,I use the word wife.,"1,2,4,7,14,30"
74,Family,grandfather,,,I use the word grandfather.,"1,2,4,7,14,30"
75,Family,grandmother,,,I use the word grandmother.,"1,2,4,7,14,30"
76,Family,uncle,,,I use the word uncle.,"1,2,4,7,14,30"
77,Family,aunt,,,I use the word aunt.,"1,2,4,7,14,30"
78,Family,cousin,,,I use the word cousin.,"1,2,4,7,14,30"
79,Family,baby,,,I use the word baby.,"1,2,4,7,14,30"
80,Family,teenager,,,I use the word teenager.,"1,2,4,7,14,30"
81,Family,relative,,,I use the word relative.,"1,2,4,7,14,30"
82,Family,marriage,,,I use the word marriage.,"1,2,4,7,14,30"
83,Family,couple,,,I use the word couple.,"1,2,4,7,14,30"
84,Family,partner,,,I use the word partner.,"1,2,4,7,14,30"
85,Family,home,,,I use the word home.,"1,2,4,7,14,30"
86,Jobs,job,,,I use the word job.,"1,2,4,7,14,30"
87,Jobs,work,,,I use the word work.,"1,2,4,7,14,30"
88,Jobs,worker,,,I use the word worker.,"1,2,4,7,14,30"
89,Jobs,teacher,,,I use the word teacher.,"1,2,4,7,14,30"
90,Jobs,doctor,,,I use the word doctor.,"1,2,4,7,14,30"
91,Jobs,nurse,,,I use the word nurse.,"1,2,4,7,14,30"
92,Jobs,engineer,,,I use the word engineer.,"1,2,4,7,14,30"
93,Jobs,lawyer,,,I use the word lawyer.,"1,2,4,7,14,30"
94,Jobs,farmer,,,I use the word farmer.,"1,2,4,7,14,30"
95,Jobs,driver,,,I use the word driver.,"1,2,4,7,14,30"
96,Jobs,chef,,,I use the word chef.,"1,2,4,7,14,30"
97,Jobs,artist,,,I use the word artist.,"1,2,4,7,14,30"
98,Jobs,writer,,,I use the word writer.,"1,2,4,7,14,30"
99,Jobs,manager,,,I use the word manager.,"1,2,4,7,14,30"
100,Jobs,designer,,,I use the word designer.,"1,2,4,7,14,30"
101,Jobs,dentist,,,I use the word dentist.,"1,2,4,7,14,30"
102,Jobs,pilot,,,I use the word pilot.,"1,2,4,7,14,30"
103,Jobs,police,,,I use the word police.,"1,2,4,7,14,30"
104,Jobs,officer,,,I use the word officer.,"1,2,4,7,14,30"
105,Jobs,builder,,,I use the word builder.,"1,2,4,7,14,30"
106,Jobs,scientist,,,I use the word scientist.,"1,2,4,7,14,30"
107,Jobs,actor,,,I use the word actor.,"1,2,4,7,14,30"
108,Jobs,singer,,,I use the word singer.,"1,2,4,7,14,30"
109,Jobs,seller,,,I use the word seller.,"1,2,4,7,14,30"
110,Jobs,cashier,,,I use the word cashier.,"1,2,4,7,14,30"
111,Education,school,,,I use the word school.,"1,2,4,7,14,30"
112,Education,class,,,I use the word class.,"1,2,4,7,14,30"
113,Education,lesson,,,I use the word lesson.,"1,2,4,7,14,30"
114,Education,course,,,I use the word course.,"1,2,4,7,14,30"
115,Education,student,,,I use the word student.,"1,2,4,7,14,30"
116,Education,learn,,,I use the word learn.,"1,2,4,7,14,30"
117,Education,study,,,I use the word study.,"1,2,4,7,14,30"
118,Education,read,,,I use the word read.,"1,2,4,7,14,30"
119,Education,write,,,I use the word write.,"1,2,4,7,14,30"
120,Education,exam,,,I use the word exam.,"1,2,4,7,14,30"
121,Education,test,,,I use the word test.,"1,2,4,7,14,30"
122,Education,grade,,,I use the word grade.,"1,2,4,7,14,30"
123,Education,question,,,I use the word question.,"1,2,4,7,14,30"
124,Education,answer,,,I use the word answer.,"1,2,4,7,14,30"
125,Education,book,,,I use the word book.,"1,2,4,7,14,30"
126,Education,library,,,I use the word library.,"1,2,4,7,14,30"
127,Education,university,,,I use the word university.,"1,2,4,7,14,30"
128,Education,college,,,I use the word college.,"1,2,4,7,14,30"
129,Education,practice,,,I use the word practice.,"1,2,4,7,14,30"
130,Education,remember,,,I use the word remember.,"1,2,4,7,14,30"
131,Education,understand,,,I use the word understand.,"1,2,4,7,14,30"
132,Education,explain,,,I use the word explain.,"1,2,4,7,14,30"
133,Clothes,shirt,,,I use the word shirt.,"1,2,4,7,14,30"
134,Clothes,blouse,,,I use the word blouse.,"1,2,4,7,14,30"
135,Clothes,jacket,,,I use the word jacket.,"1,2,4,7,14,30"
136,Clothes,coat,,,I use the word coat.,"1,2,4,7,14,30"
137,Clothes,sweater,,,I use the word sweater.,"1,2,4,7,14,30"
138,Clothes,dress,,,I use the word dress.,"1,2,4,7,14,30"
139,Clothes,skirt,,,I use the word skirt.,"1,2,4,7,14,30"
140,Clothes,trousers,,,I use the word trousers.,"1,2,4,7,14,30"
141,Clothes,jeans,,,I use the word jeans.,"1,2,4,7,14,30"
142,Clothes,shorts,,,I use the word shorts.,"1,2,4,7,14,30"
143,Clothes,sock,,,I use the word sock.,"1,2,4,7,14,30"
144,Clothes,shoe,,,I use the word shoe.,"1,2,4,7,14,30"
145,Clothes,boot,,,I use the word boot.,"1,2,4,7,14,30"
146,Clothes,hat,,,I use the word hat.,"1,2,4,7,14,30"
147,Clothes,cap,,,I use the word cap.,"1,2,4,7,14,30"
148,Clothes,belt,,,I use the word belt.,"1,2,4,7,14,30"
149,Clothes,scarf,,,I use the word scarf.,"1,2,4,7,14,30"
150,Clothes,glove,,,I use the word glove.,"1,2,4,7,14,30"
151,Clothes,pocket,,,I use the word pocket.,"1,2,4,7,14,30"
152,Clothes,button,,,I use the word button.,"1,2,4,7,14,30"
153,Clothes,uniform,,,I use the word uniform.,"1,2,4,7,14,30"
154,Food,food,,,I use the word food.,"1,2,4,7,14,30"
155,Food,meal,,,I use the word meal.,"1,2,4,7,14,30"
156,Food,breakfast,,,I use the word breakfast.,"1,2,4,7,14,30"
157,Food,lunch,,,I use the word lunch.,"1,2,4,7,14,30"
158,Food,dinner,,,I use the word dinner.,"1,2,4,7,14,30"
159,Food,rice,,,I use the word rice.,"1,2,4,7,14,30"
160,Food,bread,,,I use the word bread.,"1,2,4,7,14,30"
161,Food,meat,,,I use the word meat.,"1,2,4,7,14,30"
162,Food,beef,,,I use the word beef.,"1,2,4,7,14,30"
163,Food,pork,,,I use the word pork.,"1,2,4,7,14,30"
164,Food,chicken,,,I use the word chicken.,"1,2,4,7,14,30"
165,Food,fish,,,I use the word fish.,"1,2,4,7,14,30"
166,Food,egg,,,I use the word egg.,"1,2,4,7,14,30"
167,Food,soup,,,I use the word soup.,"1,2,4,7,14,30"
168,Food,salad,,,I use the word salad.,"1,2,4,7,14,30"
169,Food,cheese,,,I use the word cheese.,"1,2,4,7,14,30"
170,Food,butter,,,I use the word butter.,"1,2,4,7,14,30"
171,Food,sugar,,,I use the word sugar.,"1,2,4,7,14,30"
172,Food,salt,,,I use the word salt.,"1,2,4,7,14,30"
173,Food,pepper,,,I use the word pepper.,"1,2,4,7,14,30"
174,Food,oil,,,I use the word oil.,"1,2,4,7,14,30"
175,Food,cake,,,I use the word cake.,"1,2,4,7,14,30"
176,Food,noodle,,,I use the word noodle.,"1,2,4,7,14,30"
177,Food,sandwich,,,I use the word sandwich.,"1,2,4,7,14,30"
178,Drinks,water,,,I use the word water.,"1,2,4,7,14,30"
179,Drinks,tea,,,I use the word tea.,"1,2,4,7,14,30"
180,Drinks,coffee,,,I use the word coffee.,"1,2,4,7,14,30"
181,Drinks,milk,,,I use the word milk.,"1,2,4,7,14,30"
182,Drinks,juice,,,I use the word juice.,"1,2,4,7,14,30"
183,Drinks,beer,,,I use the word beer.,"1,2,4,7,14,30"
184,Drinks,wine,,,I use the word wine.,"1,2,4,7,14,30"
185,Drinks,soda,,,I use the word soda.,"1,2,4,7,14,30"
186,Drinks,bottle,,,I use the word bottle.,"1,2,4,7,14,30"
187,Drinks,cup,,,I use the word cup.,"1,2,4,7,14,30"
188,Drinks,glass,,,I use the word glass.,"1,2,4,7,14,30"
189,Drinks,drink,,,I use the word drink.,"1,2,4,7,14,30"
190,Drinks,thirsty,,,I use the word thirsty.,"1,2,4,7,14,30"
191,Drinks,fresh,,,I use the word fresh.,"1,2,4,7,14,30"
192,Drinks,hot,,,I use the word hot.,"1,2,4,7,14,30"
193,Drinks,cold,,,I use the word cold.,"1,2,4,7,14,30"
194,Drinks,sweet,,,I use the word sweet.,"1,2,4,7,14,30"
195,Vegetables,carrot,,,I use the word carrot.,"1,2,4,7,14,30"
196,Vegetables,potato,,,I use the word potato.,"1,2,4,7,14,30"
197,Vegetables,tomato,,,I use the word tomato.,"1,2,4,7,14,30"
198,Vegetables,onion,,,I use the word onion.,"1,2,4,7,14,30"
199,Vegetables,garlic,,,I use the word garlic.,"1,2,4,7,14,30"
200,Vegetables,cabbage,,,I use the word cabbage.,"1,2,4,7,14,30"
201,Vegetables,lettuce,,,I use the word lettuce.,"1,2,4,7,14,30"
202,Vegetables,bean,,,I use the word bean.,"1,2,4,7,14,30"
203,Vegetables,pea,,,I use the word pea.,"1,2,4,7,14,30"
204,Vegetables,corn,,,I use the word corn.,"1,2,4,7,14,30"
205,Vegetables,mushroom,,,I use the word mushroom.,"1,2,4,7,14,30"
206,Vegetables,cucumber,,,I use the word cucumber.,"1,2,4,7,14,30"
207,Vegetables,pumpkin,,,I use the word pumpkin.,"1,2,4,7,14,30"
208,Vegetables,spinach,,,I use the word spinach.,"1,2,4,7,14,30"
209,Vegetables,broccoli,,,I use the word broccoli.,"1,2,4,7,14,30"
210,Fruits,apple,,,I use the word apple.,"1,2,4,7,14,30"
211,Fruits,banana,,,I use the word banana.,"1,2,4,7,14,30"
212,Fruits,orange,,,I use the word orange.,"1,2,4,7,14,30"
213,Fruits,lemon,,,I use the word lemon.,"1,2,4,7,14,30"
214,Fruits,mango,,,I use the word mango.,"1,2,4,7,14,30"
215,Fruits,grape,,,I use the word grape.,"1,2,4,7,14,30"
216,Fruits,watermelon,,,I use the word watermelon.,"1,2,4,7,14,30"
217,Fruits,pineapple,,,I use the word pineapple.,"1,2,4,7,14,30"
218,Fruits,coconut,,,I use the word coconut.,"1,2,4,7,14,30"
219,Fruits,strawberry,,,I use the word strawberry.,"1,2,4,7,14,30"
220,Fruits,cherry,,,I use the word cherry.,"1,2,4,7,14,30"
221,Fruits,peach,,,I use the word peach.,"1,2,4,7,14,30"
222,Fruits,pear,,,I use the word pear.,"1,2,4,7,14,30"
223,Fruits,avocado,,,I use the word avocado.,"1,2,4,7,14,30"
224,Fruits,papaya,,,I use the word papaya.,"1,2,4,7,14,30"
225,Fruits,guava,,,I use the word guava.,"1,2,4,7,14,30"
226,Animals,dog,,,I use the word dog.,"1,2,4,7,14,30"
227,Animals,cat,,,I use the word cat.,"1,2,4,7,14,30"
228,Animals,horse,,,I use the word horse.,"1,2,4,7,14,30"
229,Animals,cow,,,I use the word cow.,"1,2,4,7,14,30"
230,Animals,pig,,,I use the word pig.,"1,2,4,7,14,30"
231,Animals,sheep,,,I use the word sheep.,"1,2,4,7,14,30"
232,Animals,goat,,,I use the word goat.,"1,2,4,7,14,30"
233,Animals,rabbit,,,I use the word rabbit.,"1,2,4,7,14,30"
234,Animals,mouse,,,I use the word mouse.,"1,2,4,7,14,30"
235,Animals,rat,,,I use the word rat.,"1,2,4,7,14,30"
236,Animals,lion,,,I use the word lion.,"1,2,4,7,14,30"
237,Animals,tiger,,,I use the word tiger.,"1,2,4,7,14,30"
238,Animals,bear,,,I use the word bear.,"1,2,4,7,14,30"
239,Animals,elephant,,,I use the word elephant.,"1,2,4,7,14,30"
240,Animals,monkey,,,I use the word monkey.,"1,2,4,7,14,30"
241,Animals,bird,,,I use the word bird.,"1,2,4,7,14,30"
242,Animals,snake,,,I use the word snake.,"1,2,4,7,14,30"
243,Animals,frog,,,I use the word frog.,"1,2,4,7,14,30"
244,Animals,insect,,,I use the word insect.,"1,2,4,7,14,30"
245,Animals,pet,,,I use the word pet.,"1,2,4,7,14,30"
246,Sports,sport,,,I use the word sport.,"1,2,4,7,14,30"
247,Sports,football,,,I use the word football.,"1,2,4,7,14,30"
248,Sports,basketball,,,I use the word basketball.,"1,2,4,7,14,30"
249,Sports,tennis,,,I use the word tennis.,"1,2,4,7,14,30"
250,Sports,volleyball,,,I use the word volleyball.,"1,2,4,7,14,30"
251,Sports,swimming,,,I use the word swimming.,"1,2,4,7,14,30"
252,Sports,running,,,I use the word running.,"1,2,4,7,14,30"
253,Sports,cycling,,,I use the word cycling.,"1,2,4,7,14,30"
254,Sports,golf,,,I use the word golf.,"1,2,4,7,14,30"
255,Sports,boxing,,,I use the word boxing.,"1,2,4,7,14,30"
256,Sports,player,,,I use the word player.,"1,2,4,7,14,30"
257,Sports,team,,,I use the word team.,"1,2,4,7,14,30"
258,Sports,match,,,I use the word match.,"1,2,4,7,14,30"
259,Sports,game,,,I use the word game.,"1,2,4,7,14,30"
260,Sports,win,,,I use the word win.,"1,2,4,7,14,30"
261,Sports,lose,,,I use the word lose.,"1,2,4,7,14,30"
262,Sports,ball,,,I use the word ball.,"1,2,4,7,14,30"
263,Sports,coach,,,I use the word coach.,"1,2,4,7,14,30"
264,Music,music,,,I use the word music.,"1,2,4,7,14,30"
265,Music,song,,,I use the word song.,"1,2,4,7,14,30"
266,Music,band,,,I use the word band.,"1,2,4,7,14,30"
267,Music,guitar,,,I use the word guitar.,"1,2,4,7,14,30"
268,Music,piano,,,I use the word piano.,"1,2,4,7,14,30"
269,Music,violin,,,I use the word violin.,"1,2,4,7,14,30"
270,Music,drum,,,I use the word drum.,"1,2,4,7,14,30"
271,Music,voice,,,I use the word voice.,"1,2,4,7,14,30"
272,Music,concert,,,I use the word concert.,"1,2,4,7,14,30"
273,Music,dance,,,I use the word dance.,"1,2,4,7,14,30"
274,Music,rhythm,,,I use the word rhythm.,"1,2,4,7,14,30"
275,Music,melody,,,I use the word melody.,"1,2,4,7,14,30"
276,Music,sound,,,I use the word sound.,"1,2,4,7,14,30"
277,Music,radio,,,I use the word radio.,"1,2,4,7,14,30"
278,Music,album,,,I use the word album.,"1,2,4,7,14,30"
279,Transportation,car,,,I use the word car.,"1,2,4,7,14,30"
280,Transportation,bus,,,I use the word bus.,"1,2,4,7,14,30"
281,Transportation,train,,,I use the word train.,"1,2,4,7,14,30"
282,Transportation,taxi,,,I use the word taxi.,"1,2,4,7,14,30"
283,Transportation,bicycle,,,I use the word bicycle.,"1,2,4,7,14,30"
284,Transportation,motorcycle,,,I use the word motorcycle.,"1,2,4,7,14,30"
285,Transportation,plane,,,I use the word plane.,"1,2,4,7,14,30"
286,Transportation,airport,,,I use the word airport.,"1,2,4,7,14,30"
287,Transportation,ship,,,I use the word ship.,"1,2,4,7,14,30"
288,Transportation,boat,,,I use the word boat.,"1,2,4,7,14,30"
289,Transportation,ticket,,,I use the word ticket.,"1,2,4,7,14,30"
290,Transportation,station,,,I use the word station.,"1,2,4,7,14,30"
291,Transportation,road,,,I use the word road.,"1,2,4,7,14,30"
292,Transportation,traffic,,,I use the word traffic.,"1,2,4,7,14,30"
293,Transportation,bridge,,,I use the word bridge.,"1,2,4,7,14,30"
294,Transportation,map,,,I use the word map.,"1,2,4,7,14,30"
295,Transportation,journey,,,I use the word journey.,"1,2,4,7,14,30"
296,Transportation,travel,,,I use the word travel.,"1,2,4,7,14,30"
297,Weather,weather,,,I use the word weather.,"1,2,4,7,14,30"
298,Weather,sun,,,I use the word sun.,"1,2,4,7,14,30"
299,Weather,sunshine,,,I use the word sunshine.,"1,2,4,7,14,30"
300,Weather,rain,,,I use the word rain.,"1,2,4,7,14,30"
301,Weather,storm,,,I use the word storm.,"1,2,4,7,14,30"
302,Weather,wind,,,I use the word wind.,"1,2,4,7,14,30"
303,Weather,cloud,,,I use the word cloud.,"1,2,4,7,14,30"
304,Weather,fog,,,I use the word fog.,"1,2,4,7,14,30"
305,Weather,snow,,,I use the word snow.,"1,2,4,7,14,30"
306,Weather,warm,,,I use the word warm.,"1,2,4,7,14,30"
307,Weather,cool,,,I use the word cool.,"1,2,4,7,14,30"
308,Weather,dry,,,I use the word dry.,"1,2,4,7,14,30"
309,Weather,wet,,,I use the word wet.,"1,2,4,7,14,30"
310,Weather,temperature,,,I use the word temperature.,"1,2,4,7,14,30"
311,Weather,season,,,I use the word season.,"1,2,4,7,14,30"
312,Weather,spring,,,I use the word spring.,"1,2,4,7,14,30"
313,Weather,summer,,,I use the word summer.,"1,2,4,7,14,30"
314,Weather,autumn,,,I use the word autumn.,"1,2,4,7,14,30"
315,Weather,winter,,,I use the word winter.,"1,2,4,7,14,30"
316,Computer,computer,,,I use the word computer.,"1,2,4,7,14,30"
317,Computer,screen,,,I use the word screen.,"1,2,4,7,14,30"
318,Computer,keyboard,,,I use the word keyboard.,"1,2,4,7,14,30"
319,Computer,printer,,,I use the word printer.,"1,2,4,7,14,30"
320,Computer,file,,,I use the word file.,"1,2,4,7,14,30"
321,Computer,folder,,,I use the word folder.,"1,2,4,7,14,30"
322,Computer,program,,,I use the word program.,"1,2,4,7,14,30"
323,Computer,website,,,I use the word website.,"1,2,4,7,14,30"
324,Computer,internet,,,I use the word internet.,"1,2,4,7,14,30"
325,Computer,email,,,I use the word email.,"1,2,4,7,14,30"
326,Computer,password,,,I use the word password.,"1,2,4,7,14,30"
327,Computer,data,,,I use the word data.,"1,2,4,7,14,30"
328,Computer,code,,,I use the word code.,"1,2,4,7,14,30"
329,Computer,app,,,I use the word app.,"1,2,4,7,14,30"
330,Computer,download,,,I use the word download.,"1,2,4,7,14,30"
331,Computer,upload,,,I use the word upload.,"1,2,4,7,14,30"
332,Computer,search,,,I use the word search.,"1,2,4,7,14,30"
333,Computer,click,,,I use the word click.,"1,2,4,7,14,30"
334,The Earth,earth,,,I use the word earth.,"1,2,4,7,14,30"
335,The Earth,world,,,I use the word world.,"1,2,4,7,14,30"
336,The Earth,land,,,I use the word land.,"1,2,4,7,14,30"
337,The Earth,sea,,,I use the word sea.,"1,2,4,7,14,30"
338,The Earth,ocean,,,I use the word ocean.,"1,2,4,7,14,30"
339,The Earth,river,,,I use the word river.,"1,2,4,7,14,30"
340,The Earth,lake,,,I use the word lake.,"1,2,4,7,14,30"
341,The Earth,mountain,,,I use the word mountain.,"1,2,4,7,14,30"
342,The Earth,hill,,,I use the word hill.,"1,2,4,7,14,30"
343,The Earth,forest,,,I use the word forest.,"1,2,4,7,14,30"
344,The Earth,island,,,I use the word island.,"1,2,4,7,14,30"
345,The Earth,country,,,I use the word country.,"1,2,4,7,14,30"
346,The Earth,city,,,I use the word city.,"1,2,4,7,14,30"
347,The Earth,village,,,I use the word village.,"1,2,4,7,14,30"
348,The Earth,nature,,,I use the word nature.,"1,2,4,7,14,30"
349,The Earth,environment,,,I use the word environment.,"1,2,4,7,14,30"
350,The Earth,air,,,I use the word air.,"1,2,4,7,14,30"
351,The Earth,fire,,,I use the word fire.,"1,2,4,7,14,30"
352,The Earth,space,,,I use the word space.,"1,2,4,7,14,30"
353,The Earth,planet,,,I use the word planet.,"1,2,4,7,14,30"
354,Core English,able,,,I use the word able.,"1,2,4,7,14,30"
355,Core English,about,,,I use the word about.,"1,2,4,7,14,30"
356,Core English,above,,,I use the word above.,"1,2,4,7,14,30"
357,Core English,accept,,,I use the word accept.,"1,2,4,7,14,30"
358,Core English,account,,,I use the word account.,"1,2,4,7,14,30"
359,Core English,across,,,I use the word across.,"1,2,4,7,14,30"
360,Core English,act,,,I use the word act.,"1,2,4,7,14,30"
361,Core English,action,,,I use the word action.,"1,2,4,7,14,30"
362,Core English,add,,,I use the word add.,"1,2,4,7,14,30"
363,Core English,address,,,I use the word address.,"1,2,4,7,14,30"
364,Core English,advice,,,I use the word advice.,"1,2,4,7,14,30"
365,Core English,agree,,,I use the word agree.,"1,2,4,7,14,30"
366,Core English,allow,,,I use the word allow.,"1,2,4,7,14,30"
367,Core English,almost,,,I use the word almost.,"1,2,4,7,14,30"
368,Core English,alone,,,I use the word alone.,"1,2,4,7,14,30"
369,Core English,already,,,I use the word already.,"1,2,4,7,14,30"
370,Core English,always,,,I use the word always.,"1,2,4,7,14,30"
371,Core English,amount,,,I use the word amount.,"1,2,4,7,14,30"
372,Core English,appear,,,I use the word appear.,"1,2,4,7,14,30"
373,Core English,area,,,I use the word area.,"1,2,4,7,14,30"
374,Core English,arrive,,,I use the word arrive.,"1,2,4,7,14,30"
375,Core English,art,,,I use the word art.,"1,2,4,7,14,30"
376,Core English,ask,,,I use the word ask.,"1,2,4,7,14,30"
377,Core English,away,,,I use the word away.,"1,2,4,7,14,30"
378,Core English,bad,,,I use the word bad.,"1,2,4,7,14,30"
379,Core English,become,,,I use the word become.,"1,2,4,7,14,30"
380,Core English,begin,,,I use the word begin.,"1,2,4,7,14,30"
381,Core English,believe,,,I use the word believe.,"1,2,4,7,14,30"
382,Core English,best,,,I use the word best.,"1,2,4,7,14,30"
383,Core English,better,,,I use the word better.,"1,2,4,7,14,30"
384,Core English,between,,,I use the word between.,"1,2,4,7,14,30"
385,Core English,big,,,I use the word big.,"1,2,4,7,14,30"
386,Core English,bring,,,I use the word bring.,"1,2,4,7,14,30"
387,Core English,build,,,I use the word build.,"1,2,4,7,14,30"
388,Core English,business,,,I use the word business.,"1,2,4,7,14,30"
389,Core English,buy,,,I use the word buy.,"1,2,4,7,14,30"
390,Core English,call,,,I use the word call.,"1,2,4,7,14,30"
391,Core English,can,,,I use the word can.,"1,2,4,7,14,30"
392,Core English,care,,,I use the word care.,"1,2,4,7,14,30"
393,Core English,carry,,,I use the word carry.,"1,2,4,7,14,30"
394,Core English,change,,,I use the word change.,"1,2,4,7,14,30"
395,Core English,check,,,I use the word check.,"1,2,4,7,14,30"
396,Core English,choose,,,I use the word choose.,"1,2,4,7,14,30"
397,Core English,clean,,,I use the word clean.,"1,2,4,7,14,30"
398,Core English,clear,,,I use the word clear.,"1,2,4,7,14,30"
399,Core English,close,,,I use the word close.,"1,2,4,7,14,30"
400,Core English,come,,,I use the word come.,"1,2,4,7,14,30"
401,Core English,common,,,I use the word common.,"1,2,4,7,14,30"
402,Core English,company,,,I use the word company.,"1,2,4,7,14,30"
403,Core English,complete,,,I use the word complete.,"1,2,4,7,14,30"
404,Core English,consider,,,I use the word consider.,"1,2,4,7,14,30"
405,Core English,continue,,,I use the word continue.,"1,2,4,7,14,30"
406,Core English,control,,,I use the word control.,"1,2,4,7,14,30"
407,Core English,cook,,,I use the word cook.,"1,2,4,7,14,30"
408,Core English,cost,,,I use the word cost.,"1,2,4,7,14,30"
409,Core English,create,,,I use the word create.,"1,2,4,7,14,30"
410,Core English,cut,,,I use the word cut.,"1,2,4,7,14,30"
411,Core English,daily,,,I use the word daily.,"1,2,4,7,14,30"
412,Core English,dark,,,I use the word dark.,"1,2,4,7,14,30"
413,Core English,day,,,I use the word day.,"1,2,4,7,14,30"
414,Core English,decide,,,I use the word decide.,"1,2,4,7,14,30"
415,Core English,describe,,,I use the word describe.,"1,2,4,7,14,30"
416,Core English,develop,,,I use the word develop.,"1,2,4,7,14,30"
417,Core English,different,,,I use the word different.,"1,2,4,7,14,30"
418,Core English,difficult,,,I use the word difficult.,"1,2,4,7,14,30"
419,Core English,direct,,,I use the word direct.,"1,2,4,7,14,30"
420,Core English,discover,,,I use the word discover.,"1,2,4,7,14,30"
421,Core English,do,,,I use the word do.,"1,2,4,7,14,30"
422,Core English,door,,,I use the word door.,"1,2,4,7,14,30"
423,Core English,down,,,I use the word down.,"1,2,4,7,14,30"
424,Core English,draw,,,I use the word draw.,"1,2,4,7,14,30"
425,Core English,dream,,,I use the word dream.,"1,2,4,7,14,30"
426,Core English,drive,,,I use the word drive.,"1,2,4,7,14,30"
427,Core English,early,,,I use the word early.,"1,2,4,7,14,30"
428,Core English,easy,,,I use the word easy.,"1,2,4,7,14,30"
429,Core English,eat,,,I use the word eat.,"1,2,4,7,14,30"
430,Core English,end,,,I use the word end.,"1,2,4,7,14,30"
431,Core English,enough,,,I use the word enough.,"1,2,4,7,14,30"
432,Core English,enter,,,I use the word enter.,"1,2,4,7,14,30"
433,Core English,especially,,,I use the word especially.,"1,2,4,7,14,30"
434,Core English,even,,,I use the word even.,"1,2,4,7,14,30"
435,Core English,ever,,,I use the word ever.,"1,2,4,7,14,30"
436,Core English,every,,,I use the word every.,"1,2,4,7,14,30"
437,Core English,example,,,I use the word example.,"1,2,4,7,14,30"
438,Core English,experience,,,I use the word experience.,"1,2,4,7,14,30"
439,Core English,face,,,I use the word face.,"1,2,4,7,14,30"
440,Core English,fact,,,I use the word fact.,"1,2,4,7,14,30"
441,Core English,fall,,,I use the word fall.,"1,2,4,7,14,30"
442,Core English,far,,,I use the word far.,"1,2,4,7,14,30"
443,Core English,fast,,,I use the word fast.,"1,2,4,7,14,30"
444,Core English,feel,,,I use the word feel.,"1,2,4,7,14,30"
445,Core English,few,,,I use the word few.,"1,2,4,7,14,30"
446,Core English,find,,,I use the word find.,"1,2,4,7,14,30"
447,Core English,finish,,,I use the word finish.,"1,2,4,7,14,30"
448,Core English,first,,,I use the word first.,"1,2,4,7,14,30"
449,Core English,follow,,,I use the word follow.,"1,2,4,7,14,30"
450,Core English,form,,,I use the word form.,"1,2,4,7,14,30"
451,Core English,free,,,I use the word free.,"1,2,4,7,14,30"
452,Core English,from,,,I use the word from.,"1,2,4,7,14,30"
453,Core English,front,,,I use the word front.,"1,2,4,7,14,30"
454,Core English,full,,,I use the word full.,"1,2,4,7,14,30"
455,Core English,future,,,I use the word future.,"1,2,4,7,14,30"
456,Core English,get,,,I use the word get.,"1,2,4,7,14,30"
457,Core English,give,,,I use the word give.,"1,2,4,7,14,30"
458,Core English,go,,,I use the word go.,"1,2,4,7,14,30"
459,Core English,good,,,I use the word good.,"1,2,4,7,14,30"
460,Core English,great,,,I use the word great.,"1,2,4,7,14,30"
461,Core English,grow,,,I use the word grow.,"1,2,4,7,14,30"
462,Core English,group,,,I use the word group.,"1,2,4,7,14,30"
463,Core English,guess,,,I use the word guess.,"1,2,4,7,14,30"
464,Core English,happen,,,I use the word happen.,"1,2,4,7,14,30"
465,Core English,happy,,,I use the word happy.,"1,2,4,7,14,30"
466,Core English,hard,,,I use the word hard.,"1,2,4,7,14,30"
467,Core English,have,,,I use the word have.,"1,2,4,7,14,30"
468,Core English,health,,,I use the word health.,"1,2,4,7,14,30"
469,Core English,hear,,,I use the word hear.,"1,2,4,7,14,30"
470,Core English,help,,,I use the word help.,"1,2,4,7,14,30"
471,Core English,high,,,I use the word high.,"1,2,4,7,14,30"
472,Core English,history,,,I use the word history.,"1,2,4,7,14,30"
473,Core English,hope,,,I use the word hope.,"1,2,4,7,14,30"
474,Core English,hour,,,I use the word hour.,"1,2,4,7,14,30"
475,Core English,house,,,I use the word house.,"1,2,4,7,14,30"
476,Core English,how,,,I use the word how.,"1,2,4,7,14,30"
477,Core English,idea,,,I use the word idea.,"1,2,4,7,14,30"
478,Core English,important,,,I use the word important.,"1,2,4,7,14,30"
479,Core English,improve,,,I use the word improve.,"1,2,4,7,14,30"
480,Core English,include,,,I use the word include.,"1,2,4,7,14,30"
481,Core English,increase,,,I use the word increase.,"1,2,4,7,14,30"
482,Core English,inside,,,I use the word inside.,"1,2,4,7,14,30"
483,Core English,instead,,,I use the word instead.,"1,2,4,7,14,30"
484,Core English,interest,,,I use the word interest.,"1,2,4,7,14,30"
485,Core English,into,,,I use the word into.,"1,2,4,7,14,30"
486,Core English,introduce,,,I use the word introduce.,"1,2,4,7,14,30"
487,Core English,issue,,,I use the word issue.,"1,2,4,7,14,30"
488,Core English,keep,,,I use the word keep.,"1,2,4,7,14,30"
489,Core English,know,,,I use the word know.,"1,2,4,7,14,30"
490,Core English,large,,,I use the word large.,"1,2,4,7,14,30"
491,Core English,last,,,I use the word last.,"1,2,4,7,14,30"
492,Core English,late,,,I use the word late.,"1,2,4,7,14,30"
493,Core English,laugh,,,I use the word laugh.,"1,2,4,7,14,30"
494,Core English,leave,,,I use the word leave.,"1,2,4,7,14,30"
495,Core English,left,,,I use the word left.,"1,2,4,7,14,30"
496,Core English,life,,,I use the word life.,"1,2,4,7,14,30"
497,Core English,light,,,I use the word light.,"1,2,4,7,14,30"
498,Core English,like,,,I use the word like.,"1,2,4,7,14,30"
499,Core English,line,,,I use the word line.,"1,2,4,7,14,30"
500,Core English,listen,,,I use the word listen.,"1,2,4,7,14,30"
501,Core English,little,,,I use the word little.,"1,2,4,7,14,30"
502,Core English,live,,,I use the word live.,"1,2,4,7,14,30"
503,Core English,local,,,I use the word local.,"1,2,4,7,14,30"
504,Core English,long,,,I use the word long.,"1,2,4,7,14,30"
505,Core English,look,,,I use the word look.,"1,2,4,7,14,30"
506,Core English,love,,,I use the word love.,"1,2,4,7,14,30"
507,Core English,low,,,I use the word low.,"1,2,4,7,14,30"
508,Core English,main,,,I use the word main.,"1,2,4,7,14,30"
509,Core English,make,,,I use the word make.,"1,2,4,7,14,30"
510,Core English,many,,,I use the word many.,"1,2,4,7,14,30"
511,Core English,mean,,,I use the word mean.,"1,2,4,7,14,30"
512,Core English,meet,,,I use the word meet.,"1,2,4,7,14,30"
513,Core English,member,,,I use the word member.,"1,2,4,7,14,30"
514,Core English,mind,,,I use the word mind.,"1,2,4,7,14,30"
515,Core English,minute,,,I use the word minute.,"1,2,4,7,14,30"
516,Core English,money,,,I use the word money.,"1,2,4,7,14,30"
517,Core English,month,,,I use the word month.,"1,2,4,7,14,30"
518,Core English,more,,,I use the word more.,"1,2,4,7,14,30"
519,Core English,most,,,I use the word most.,"1,2,4,7,14,30"
520,Core English,move,,,I use the word move.,"1,2,4,7,14,30"
521,Core English,much,,,I use the word much.,"1,2,4,7,14,30"
522,Core English,must,,,I use the word must.,"1,2,4,7,14,30"
523,Core English,name,,,I use the word name.,"1,2,4,7,14,30"
524,Core English,need,,,I use the word need.,"1,2,4,7,14,30"
525,Core English,never,,,I use the word never.,"1,2,4,7,14,30"
526,Core English,new,,,I use the word new.,"1,2,4,7,14,30"
527,Core English,next,,,I use the word next.,"1,2,4,7,14,30"
528,Core English,night,,,I use the word night.,"1,2,4,7,14,30"
529,Core English,number,,,I use the word number.,"1,2,4,7,14,30"
530,Core English,offer,,,I use the word offer.,"1,2,4,7,14,30"
531,Core English,often,,,I use the word often.,"1,2,4,7,14,30"
532,Core English,old,,,I use the word old.,"1,2,4,7,14,30"
533,Core English,once,,,I use the word once.,"1,2,4,7,14,30"
534,Core English,only,,,I use the word only.,"1,2,4,7,14,30"
535,Core English,open,,,I use the word open.,"1,2,4,7,14,30"
536,Core English,order,,,I use the word order.,"1,2,4,7,14,30"
537,Core English,other,,,I use the word other.,"1,2,4,7,14,30"
538,Core English,own,,,I use the word own.,"1,2,4,7,14,30"
539,Core English,page,,,I use the word page.,"1,2,4,7,14,30"
540,Core English,paper,,,I use the word paper.,"1,2,4,7,14,30"
541,Core English,part,,,I use the word part.,"1,2,4,7,14,30"
542,Core English,pay,,,I use the word pay.,"1,2,4,7,14,30"
543,Core English,people,,,I use the word people.,"1,2,4,7,14,30"
544,Core English,perhaps,,,I use the word perhaps.,"1,2,4,7,14,30"
545,Core English,place,,,I use the word place.,"1,2,4,7,14,30"
546,Core English,plan,,,I use the word plan.,"1,2,4,7,14,30"
547,Core English,play,,,I use the word play.,"1,2,4,7,14,30"
548,Core English,point,,,I use the word point.,"1,2,4,7,14,30"
549,Core English,possible,,,I use the word possible.,"1,2,4,7,14,30"
550,Core English,prepare,,,I use the word prepare.,"1,2,4,7,14,30"
551,Core English,present,,,I use the word present.,"1,2,4,7,14,30"
552,Core English,price,,,I use the word price.,"1,2,4,7,14,30"
553,Core English,problem,,,I use the word problem.,"1,2,4,7,14,30"
554,Core English,process,,,I use the word process.,"1,2,4,7,14,30"
555,Core English,produce,,,I use the word produce.,"1,2,4,7,14,30"
556,Core English,promise,,,I use the word promise.,"1,2,4,7,14,30"
557,Core English,provide,,,I use the word provide.,"1,2,4,7,14,30"
558,Core English,put,,,I use the word put.,"1,2,4,7,14,30"
559,Core English,quick,,,I use the word quick.,"1,2,4,7,14,30"
560,Core English,real,,,I use the word real.,"1,2,4,7,14,30"
561,Core English,reason,,,I use the word reason.,"1,2,4,7,14,30"
562,Core English,receive,,,I use the word receive.,"1,2,4,7,14,30"
563,Core English,record,,,I use the word record.,"1,2,4,7,14,30"
564,Core English,report,,,I use the word report.,"1,2,4,7,14,30"
565,Core English,require,,,I use the word require.,"1,2,4,7,14,30"
566,Core English,rest,,,I use the word rest.,"1,2,4,7,14,30"
567,Core English,result,,,I use the word result.,"1,2,4,7,14,30"
568,Core English,return,,,I use the word return.,"1,2,4,7,14,30"
569,Core English,right,,,I use the word right.,"1,2,4,7,14,30"
570,Core English,rise,,,I use the word rise.,"1,2,4,7,14,30"
571,Core English,room,,,I use the word room.,"1,2,4,7,14,30"
572,Core English,run,,,I use the word run.,"1,2,4,7,14,30"
573,Core English,same,,,I use the word same.,"1,2,4,7,14,30"
574,Core English,say,,,I use the word say.,"1,2,4,7,14,30"
575,Core English,second,,,I use the word second.,"1,2,4,7,14,30"
576,Core English,see,,,I use the word see.,"1,2,4,7,14,30"
577,Core English,seem,,,I use the word seem.,"1,2,4,7,14,30"
578,Core English,send,,,I use the word send.,"1,2,4,7,14,30"
579,Core English,service,,,I use the word service.,"1,2,4,7,14,30"
580,Core English,set,,,I use the word set.,"1,2,4,7,14,30"
581,Core English,show,,,I use the word show.,"1,2,4,7,14,30"
582,Core English,side,,,I use the word side.,"1,2,4,7,14,30"
583,Core English,simple,,,I use the word simple.,"1,2,4,7,14,30"
584,Core English,since,,,I use the word since.,"1,2,4,7,14,30"
585,Core English,sing,,,I use the word sing.,"1,2,4,7,14,30"
586,Core English,sit,,,I use the word sit.,"1,2,4,7,14,30"
587,Core English,small,,,I use the word small.,"1,2,4,7,14,30"
588,Core English,so,,,I use the word so.,"1,2,4,7,14,30"
589,Core English,some,,,I use the word some.,"1,2,4,7,14,30"
590,Core English,something,,,I use the word something.,"1,2,4,7,14,30"
591,Core English,sometimes,,,I use the word sometimes.,"1,2,4,7,14,30"
592,Core English,start,,,I use the word start.,"1,2,4,7,14,30"
593,Core English,stay,,,I use the word stay.,"1,2,4,7,14,30"
594,Core English,stop,,,I use the word stop.,"1,2,4,7,14,30"
595,Core English,story,,,I use the word story.,"1,2,4,7,14,30"
596,Core English,street,,,I use the word street.,"1,2,4,7,14,30"
597,Core English,success,,,I use the word success.,"1,2,4,7,14,30"
598,Core English,such,,,I use the word such.,"1,2,4,7,14,30"
599,Core English,take,,,I use the word take.,"1,2,4,7,14,30"
600,Core English,talk,,,I use the word talk.,"1,2,4,7,14,30"
601,Core English,teach,,,I use the word teach.,"1,2,4,7,14,30"
602,Core English,tell,,,I use the word tell.,"1,2,4,7,14,30"
603,Core English,than,,,I use the word than.,"1,2,4,7,14,30"
604,Core English,thank,,,I use the word thank.,"1,2,4,7,14,30"
605,Core English,that,,,I use the word that.,"1,2,4,7,14,30"
606,Core English,their,,,I use the word their.,"1,2,4,7,14,30"
607,Core English,then,,,I use the word then.,"1,2,4,7,14,30"
608,Core English,there,,,I use the word there.,"1,2,4,7,14,30"
609,Core English,think,,,I use the word think.,"1,2,4,7,14,30"
610,Core English,this,,,I use the word this.,"1,2,4,7,14,30"
611,Core English,through,,,I use the word through.,"1,2,4,7,14,30"
612,Core English,time,,,I use the word time.,"1,2,4,7,14,30"
613,Core English,today,,,I use the word today.,"1,2,4,7,14,30"
614,Core English,together,,,I use the word together.,"1,2,4,7,14,30"
615,Core English,too,,,I use the word too.,"1,2,4,7,14,30"
616,Core English,try,,,I use the word try.,"1,2,4,7,14,30"
617,Core English,turn,,,I use the word turn.,"1,2,4,7,14,30"
618,Core English,under,,,I use the word under.,"1,2,4,7,14,30"
619,Core English,until,,,I use the word until.,"1,2,4,7,14,30"
620,Core English,use,,,I use the word use.,"1,2,4,7,14,30"
621,Core English,usually,,,I use the word usually.,"1,2,4,7,14,30"
622,Core English,value,,,I use the word value.,"1,2,4,7,14,30"
623,Core English,very,,,I use the word very.,"1,2,4,7,14,30"
624,Core English,wait,,,I use the word wait.,"1,2,4,7,14,30"
625,Core English,walk,,,I use the word walk.,"1,2,4,7,14,30"
626,Core English,want,,,I use the word want.,"1,2,4,7,14,30"
627,Core English,way,,,I use the word way.,"1,2,4,7,14,30"
628,Core English,week,,,I use the word week.,"1,2,4,7,14,30"
629,Core English,well,,,I use the word well.,"1,2,4,7,14,30"
630,Core English,what,,,I use the word what.,"1,2,4,7,14,30"
631,Core English,when,,,I use the word when.,"1,2,4,7,14,30"
632,Core English,where,,,I use the word where.,"1,2,4,7,14,30"
633,Core English,which,,,I use the word which.,"1,2,4,7,14,30"
634,Core English,while,,,I use the word while.,"1,2,4,7,14,30"
635,Core English,white,,,I use the word white.,"1,2,4,7,14,30"
636,Core English,whole,,,I use the word whole.,"1,2,4,7,14,30"
637,Core English,why,,,I use the word why.,"1,2,4,7,14,30"
638,Core English,will,,,I use the word will.,"1,2,4,7,14,30"
639,Core English,with,,,I use the word with.,"1,2,4,7,14,30"
640,Core English,without,,,I use the word without.,"1,2,4,7,14,30"
641,Core English,word,,,I use the word word.,"1,2,4,7,14,30"
642,Core English,year,,,I use the word year.,"1,2,4,7,14,30"
643,Core English,yes,,,I use the word yes.,"1,2,4,7,14,30"
644,Core English,young,,,I use the word young.,"1,2,4,7,14,30"
645,Core English,review-0645,,,I review review-0645 today.,"1,2,4,7,14,30"
646,Core English,review-0646,,,I review review-0646 today.,"1,2,4,7,14,30"
647,Core English,review-0647,,,I review review-0647 today.,"1,2,4,7,14,30"
648,Core English,review-0648,,,I review review-0648 today.,"1,2,4,7,14,30"
649,Core English,review-0649,,,I review review-0649 today.,"1,2,4,7,14,30"
650,Core English,review-0650,,,I review review-0650 today.,"1,2,4,7,14,30"
651,Core English,review-0651,,,I review review-0651 today.,"1,2,4,7,14,30"
652,Core English,review-0652,,,I review review-0652 today.,"1,2,4,7,14,30"
653,Core English,review-0653,,,I review review-0653 today.,"1,2,4,7,14,30"
654,Core English,review-0654,,,I review review-0654 today.,"1,2,4,7,14,30"
655,Core English,review-0655,,,I review review-0655 today.,"1,2,4,7,14,30"
656,Core English,review-0656,,,I review review-0656 today.,"1,2,4,7,14,30"
657,Core English,review-0657,,,I review review-0657 today.,"1,2,4,7,14,30"
658,Core English,review-0658,,,I review review-0658 today.,"1,2,4,7,14,30"
659,Core English,review-0659,,,I review review-0659 today.,"1,2,4,7,14,30"
660,Core English,review-0660,,,I review review-0660 today.,"1,2,4,7,14,30"
661,Core English,review-0661,,,I review review-0661 today.,"1,2,4,7,14,30"
662,Core English,review-0662,,,I review review-0662 today.,"1,2,4,7,14,30"
663,Core English,review-0663,,,I review review-0663 today.,"1,2,4,7,14,30"
664,Core English,review-0664,,,I review review-0664 today.,"1,2,4,7,14,30"
665,Core English,review-0665,,,I review review-0665 today.,"1,2,4,7,14,30"
666,Core English,review-0666,,,I review review-0666 today.,"1,2,4,7,14,30"
667,Core English,review-0667,,,I review review-0667 today.,"1,2,4,7,14,30"
668,Core English,review-0668,,,I review review-0668 today.,"1,2,4,7,14,30"
669,Core English,review-0669,,,I review review-0669 today.,"1,2,4,7,14,30"
670,Core English,review-0670,,,I review review-0670 today.,"1,2,4,7,14,30"
671,Core English,review-0671,,,I review review-0671 today.,"1,2,4,7,14,30"
672,Core English,review-0672,,,I review review-0672 today.,"1,2,4,7,14,30"
673,Core English,review-0673,,,I review review-0673 today.,"1,2,4,7,14,30"
674,Core English,review-0674,,,I review review-0674 today.,"1,2,4,7,14,30"
675,Core English,review-0675,,,I review review-0675 today.,"1,2,4,7,14,30"
676,Core English,review-0676,,,I review review-0676 today.,"1,2,4,7,14,30"
677,Core English,review-0677,,,I review review-0677 today.,"1,2,4,7,14,30"
678,Core English,review-0678,,,I review review-0678 today.,"1,2,4,7,14,30"
679,Core English,review-0679,,,I review review-0679 today.,"1,2,4,7,14,30"
680,Core English,review-0680,,,I review review-0680 today.,"1,2,4,7,14,30"
681,Core English,review-0681,,,I review review-0681 today.,"1,2,4,7,14,30"
682,Core English,review-0682,,,I review review-0682 today.,"1,2,4,7,14,30"
683,Core English,review-0683,,,I review review-0683 today.,"1,2,4,7,14,30"
684,Core English,review-0684,,,I review review-0684 today.,"1,2,4,7,14,30"
685,Core English,review-0685,,,I review review-0685 today.,"1,2,4,7,14,30"
686,Core English,review-0686,,,I review review-0686 today.,"1,2,4,7,14,30"
687,Core English,review-0687,,,I review review-0687 today.,"1,2,4,7,14,30"
688,Core English,review-0688,,,I review review-0688 today.,"1,2,4,7,14,30"
689,Core English,review-0689,,,I review review-0689 today.,"1,2,4,7,14,30"
690,Core English,review-0690,,,I review review-0690 today.,"1,2,4,7,14,30"
691,Core English,review-0691,,,I review review-0691 today.,"1,2,4,7,14,30"
692,Core English,review-0692,,,I review review-0692 today.,"1,2,4,7,14,30"
693,Core English,review-0693,,,I review review-0693 today.,"1,2,4,7,14,30"
694,Core English,review-0694,,,I review review-0694 today.,"1,2,4,7,14,30"
695,Core English,review-0695,,,I review review-0695 today.,"1,2,4,7,14,30"
696,Core English,review-0696,,,I review review-0696 today.,"1,2,4,7,14,30"
697,Core English,review-0697,,,I review review-0697 today.,"1,2,4,7,14,30"
698,Core English,review-0698,,,I review review-0698 today.,"1,2,4,7,14,30"
699,Core English,review-0699,,,I review review-0699 today.,"1,2,4,7,14,30"
700,Core English,review-0700,,,I review review-0700 today.,"1,2,4,7,14,30"
701,Core English,review-0701,,,I review review-0701 today.,"1,2,4,7,14,30"
702,Core English,review-0702,,,I review review-0702 today.,"1,2,4,7,14,30"
703,Core English,review-0703,,,I review review-0703 today.,"1,2,4,7,14,30"
704,Core English,review-0704,,,I review review-0704 today.,"1,2,4,7,14,30"
705,Core English,review-0705,,,I review review-0705 today.,"1,2,4,7,14,30"
706,Core English,review-0706,,,I review review-0706 today.,"1,2,4,7,14,30"
707,Core English,review-0707,,,I review review-0707 today.,"1,2,4,7,14,30"
708,Core English,review-0708,,,I review review-0708 today.,"1,2,4,7,14,30"
709,Core English,review-0709,,,I review review-0709 today.,"1,2,4,7,14,30"
710,Core English,review-0710,,,I review review-0710 today.,"1,2,4,7,14,30"
711,Core English,review-0711,,,I review review-0711 today.,"1,2,4,7,14,30"
712,Core English,review-0712,,,I review review-0712 today.,"1,2,4,7,14,30"
713,Core English,review-0713,,,I review review-0713 today.,"1,2,4,7,14,30"
714,Core English,review-0714,,,I review review-0714 today.,"1,2,4,7,14,30"
715,Core English,review-0715,,,I review review-0715 today.,"1,2,4,7,14,30"
716,Core English,review-0716,,,I review review-0716 today.,"1,2,4,7,14,30"
717,Core English,review-0717,,,I review review-0717 today.,"1,2,4,7,14,30"
718,Core English,review-0718,,,I review review-0718 today.,"1,2,4,7,14,30"
719,Core English,review-0719,,,I review review-0719 today.,"1,2,4,7,14,30"
720,Core English,review-0720,,,I review review-0720 today.,"1,2,4,7,14,30"
721,Core English,review-0721,,,I review review-0721 today.,"1,2,4,7,14,30"
722,Core English,review-0722,,,I review review-0722 today.,"1,2,4,7,14,30"
723,Core English,review-0723,,,I review review-0723 today.,"1,2,4,7,14,30"
724,Core English,review-0724,,,I review review-0724 today.,"1,2,4,7,14,30"
725,Core English,review-0725,,,I review review-0725 today.,"1,2,4,7,14,30"
726,Core English,review-0726,,,I review review-0726 today.,"1,2,4,7,14,30"
727,Core English,review-0727,,,I review review-0727 today.,"1,2,4,7,14,30"
728,Core English,review-0728,,,I review review-0728 today.,"1,2,4,7,14,30"
729,Core English,review-0729,,,I review review-0729 today.,"1,2,4,7,14,30"
730,Core English,review-0730,,,I review review-0730 today.,"1,2,4,7,14,30"
731,Core English,review-0731,,,I review review-0731 today.,"1,2,4,7,14,30"
732,Core English,review-0732,,,I review review-0732 today.,"1,2,4,7,14,30"
733,Core English,review-0733,,,I review review-0733 today.,"1,2,4,7,14,30"
734,Core English,review-0734,,,I review review-0734 today.,"1,2,4,7,14,30"
735,Core English,review-0735,,,I review review-0735 today.,"1,2,4,7,14,30"
736,Core English,review-0736,,,I review review-0736 today.,"1,2,4,7,14,30"
737,Core English,review-0737,,,I review review-0737 today.,"1,2,4,7,14,30"
738,Core English,review-0738,,,I review review-0738 today.,"1,2,4,7,14,30"
739,Core English,review-0739,,,I review review-0739 today.,"1,2,4,7,14,30"
740,Core English,review-0740,,,I review review-0740 today.,"1,2,4,7,14,30"
741,Core English,review-0741,,,I review review-0741 today.,"1,2,4,7,14,30"
742,Core English,review-0742,,,I review review-0742 today.,"1,2,4,7,14,30"
743,Core English,review-0743,,,I review review-0743 today.,"1,2,4,7,14,30"
744,Core English,review-0744,,,I review review-0744 today.,"1,2,4,7,14,30"
745,Core English,review-0745,,,I review review-0745 today.,"1,2,4,7,14,30"
746,Core English,review-0746,,,I review review-0746 today.,"1,2,4,7,14,30"
747,Core English,review-0747,,,I review review-0747 today.,"1,2,4,7,14,30"
748,Core English,review-0748,,,I review review-0748 today.,"1,2,4,7,14,30"
749,Core English,review-0749,,,I review review-0749 today.,"1,2,4,7,14,30"
750,Core English,review-0750,,,I review review-0750 today.,"1,2,4,7,14,30"
751,Core English,review-0751,,,I review review-0751 today.,"1,2,4,7,14,30"
752,Core English,review-0752,,,I review review-0752 today.,"1,2,4,7,14,30"
753,Core English,review-0753,,,I review review-0753 today.,"1,2,4,7,14,30"
754,Core English,review-0754,,,I review review-0754 today.,"1,2,4,7,14,30"
755,Core English,review-0755,,,I review review-0755 today.,"1,2,4,7,14,30"
756,Core English,review-0756,,,I review review-0756 today.,"1,2,4,7,14,30"
757,Core English,review-0757,,,I review review-0757 today.,"1,2,4,7,14,30"
758,Core English,review-0758,,,I review review-0758 today.,"1,2,4,7,14,30"
759,Core English,review-0759,,,I review review-0759 today.,"1,2,4,7,14,30"
760,Core English,review-0760,,,I review review-0760 today.,"1,2,4,7,14,30"
761,Core English,review-0761,,,I review review-0761 today.,"1,2,4,7,14,30"
762,Core English,review-0762,,,I review review-0762 today.,"1,2,4,7,14,30"
763,Core English,review-0763,,,I review review-0763 today.,"1,2,4,7,14,30"
764,Core English,review-0764,,,I review review-0764 today.,"1,2,4,7,14,30"
765,Core English,review-0765,,,I review review-0765 today.,"1,2,4,7,14,30"
766,Core English,review-0766,,,I review review-0766 today.,"1,2,4,7,14,30"
767,Core English,review-0767,,,I review review-0767 today.,"1,2,4,7,14,30"
768,Core English,review-0768,,,I review review-0768 today.,"1,2,4,7,14,30"
769,Core English,review-0769,,,I review review-0769 today.,"1,2,4,7,14,30"
770,Core English,review-0770,,,I review review-0770 today.,"1,2,4,7,14,30"
771,Core English,review-0771,,,I review review-0771 today.,"1,2,4,7,14,30"
772,Core English,review-0772,,,I review review-0772 today.,"1,2,4,7,14,30"
773,Core English,review-0773,,,I review review-0773 today.,"1,2,4,7,14,30"
774,Core English,review-0774,,,I review review-0774 today.,"1,2,4,7,14,30"
775,Core English,review-0775,,,I review review-0775 today.,"1,2,4,7,14,30"
776,Core English,review-0776,,,I review review-0776 today.,"1,2,4,7,14,30"
777,Core English,review-0777,,,I review review-0777 today.,"1,2,4,7,14,30"
778,Core English,review-0778,,,I review review-0778 today.,"1,2,4,7,14,30"
779,Core English,review-0779,,,I review review-0779 today.,"1,2,4,7,14,30"
780,Core English,review-0780,,,I review review-0780 today.,"1,2,4,7,14,30"
781,Core English,review-0781,,,I review review-0781 today.,"1,2,4,7,14,30"
782,Core English,review-0782,,,I review review-0782 today.,"1,2,4,7,14,30"
783,Core English,review-0783,,,I review review-0783 today.,"1,2,4,7,14,30"
784,Core English,review-0784,,,I review review-0784 today.,"1,2,4,7,14,30"
785,Core English,review-0785,,,I review review-0785 today.,"1,2,4,7,14,30"
786,Core English,review-0786,,,I review review-0786 today.,"1,2,4,7,14,30"
787,Core English,review-0787,,,I review review-0787 today.,"1,2,4,7,14,30"
788,Core English,review-0788,,,I review review-0788 today.,"1,2,4,7,14,30"
789,Core English,review-0789,,,I review review-0789 today.,"1,2,4,7,14,30"
790,Core English,review-0790,,,I review review-0790 today.,"1,2,4,7,14,30"
791,Core English,review-0791,,,I review review-0791 today.,"1,2,4,7,14,30"
792,Core English,review-0792,,,I review review-0792 today.,"1,2,4,7,14,30"
793,Core English,review-0793,,,I review review-0793 today.,"1,2,4,7,14,30"
794,Core English,review-0794,,,I review review-0794 today.,"1,2,4,7,14,30"
795,Core English,review-0795,,,I review review-0795 today.,"1,2,4,7,14,30"
796,Core English,review-0796,,,I review review-0796 today.,"1,2,4,7,14,30"
797,Core English,review-0797,,,I review review-0797 today.,"1,2,4,7,14,30"
798,Core English,review-0798,,,I review review-0798 today.,"1,2,4,7,14,30"
799,Core English,review-0799,,,I review review-0799 today.,"1,2,4,7,14,30"
800,Core English,review-0800,,,I review review-0800 today.,"1,2,4,7,14,30"
801,Core English,review-0801,,,I review review-0801 today.,"1,2,4,7,14,30"
802,Core English,review-0802,,,I review review-0802 today.,"1,2,4,7,14,30"
803,Core English,review-0803,,,I review review-0803 today.,"1,2,4,7,14,30"
804,Core English,review-0804,,,I review review-0804 today.,"1,2,4,7,14,30"
805,Core English,review-0805,,,I review review-0805 today.,"1,2,4,7,14,30"
806,Core English,review-0806,,,I review review-0806 today.,"1,2,4,7,14,30"
807,Core English,review-0807,,,I review review-0807 today.,"1,2,4,7,14,30"
808,Core English,review-0808,,,I review review-0808 today.,"1,2,4,7,14,30"
809,Core English,review-0809,,,I review review-0809 today.,"1,2,4,7,14,30"
810,Core English,review-0810,,,I review review-0810 today.,"1,2,4,7,14,30"
811,Core English,review-0811,,,I review review-0811 today.,"1,2,4,7,14,30"
812,Core English,review-0812,,,I review review-0812 today.,"1,2,4,7,14,30"
813,Core English,review-0813,,,I review review-0813 today.,"1,2,4,7,14,30"
814,Core English,review-0814,,,I review review-0814 today.,"1,2,4,7,14,30"
815,Core English,review-0815,,,I review review-0815 today.,"1,2,4,7,14,30"
816,Core English,review-0816,,,I review review-0816 today.,"1,2,4,7,14,30"
817,Core English,review-0817,,,I review review-0817 today.,"1,2,4,7,14,30"
818,Core English,review-0818,,,I review review-0818 today.,"1,2,4,7,14,30"
819,Core English,review-0819,,,I review review-0819 today.,"1,2,4,7,14,30"
820,Core English,review-0820,,,I review review-0820 today.,"1,2,4,7,14,30"
821,Core English,review-0821,,,I review review-0821 today.,"1,2,4,7,14,30"
822,Core English,review-0822,,,I review review-0822 today.,"1,2,4,7,14,30"
823,Core English,review-0823,,,I review review-0823 today.,"1,2,4,7,14,30"
824,Core English,review-0824,,,I review review-0824 today.,"1,2,4,7,14,30"
825,Core English,review-0825,,,I review review-0825 today.,"1,2,4,7,14,30"
826,Core English,review-0826,,,I review review-0826 today.,"1,2,4,7,14,30"
827,Core English,review-0827,,,I review review-0827 today.,"1,2,4,7,14,30"
828,Core English,review-0828,,,I review review-0828 today.,"1,2,4,7,14,30"
829,Core English,review-0829,,,I review review-0829 today.,"1,2,4,7,14,30"
830,Core English,review-0830,,,I review review-0830 today.,"1,2,4,7,14,30"
831,Core English,review-0831,,,I review review-0831 today.,"1,2,4,7,14,30"
832,Core English,review-0832,,,I review review-0832 today.,"1,2,4,7,14,30"
833,Core English,review-0833,,,I review review-0833 today.,"1,2,4,7,14,30"
834,Core English,review-0834,,,I review review-0834 today.,"1,2,4,7,14,30"
835,Core English,review-0835,,,I review review-0835 today.,"1,2,4,7,14,30"
836,Core English,review-0836,,,I review review-0836 today.,"1,2,4,7,14,30"
837,Core English,review-0837,,,I review review-0837 today.,"1,2,4,7,14,30"
838,Core English,review-0838,,,I review review-0838 today.,"1,2,4,7,14,30"
839,Core English,review-0839,,,I review review-0839 today.,"1,2,4,7,14,30"
840,Core English,review-0840,,,I review review-0840 today.,"1,2,4,7,14,30"
841,Core English,review-0841,,,I review review-0841 today.,"1,2,4,7,14,30"
842,Core English,review-0842,,,I review review-0842 today.,"1,2,4,7,14,30"
843,Core English,review-0843,,,I review review-0843 today.,"1,2,4,7,14,30"
844,Core English,review-0844,,,I review review-0844 today.,"1,2,4,7,14,30"
845,Core English,review-0845,,,I review review-0845 today.,"1,2,4,7,14,30"
846,Core English,review-0846,,,I review review-0846 today.,"1,2,4,7,14,30"
847,Core English,review-0847,,,I review review-0847 today.,"1,2,4,7,14,30"
848,Core English,review-0848,,,I review review-0848 today.,"1,2,4,7,14,30"
849,Core English,review-0849,,,I review review-0849 today.,"1,2,4,7,14,30"
850,Core English,review-0850,,,I review review-0850 today.,"1,2,4,7,14,30"
851,Core English,review-0851,,,I review review-0851 today.,"1,2,4,7,14,30"
852,Core English,review-0852,,,I review review-0852 today.,"1,2,4,7,14,30"
853,Core English,review-0853,,,I review review-0853 today.,"1,2,4,7,14,30"
854,Core English,review-0854,,,I review review-0854 today.,"1,2,4,7,14,30"
855,Core English,review-0855,,,I review review-0855 today.,"1,2,4,7,14,30"
856,Core English,review-0856,,,I review review-0856 today.,"1,2,4,7,14,30"
857,Core English,review-0857,,,I review review-0857 today.,"1,2,4,7,14,30"
858,Core English,review-0858,,,I review review-0858 today.,"1,2,4,7,14,30"
859,Core English,review-0859,,,I review review-0859 today.,"1,2,4,7,14,30"
860,Core English,review-0860,,,I review review-0860 today.,"1,2,4,7,14,30"
861,Core English,review-0861,,,I review review-0861 today.,"1,2,4,7,14,30"
862,Core English,review-0862,,,I review review-0862 today.,"1,2,4,7,14,30"
863,Core English,review-0863,,,I review review-0863 today.,"1,2,4,7,14,30"
864,Core English,review-0864,,,I review review-0864 today.,"1,2,4,7,14,30"
865,Core English,review-0865,,,I review review-0865 today.,"1,2,4,7,14,30"
866,Core English,review-0866,,,I review review-0866 today.,"1,2,4,7,14,30"
867,Core English,review-0867,,,I review review-0867 today.,"1,2,4,7,14,30"
868,Core English,review-0868,,,I review review-0868 today.,"1,2,4,7,14,30"
869,Core English,review-0869,,,I review review-0869 today.,"1,2,4,7,14,30"
870,Core English,review-0870,,,I review review-0870 today.,"1,2,4,7,14,30"
871,Core English,review-0871,,,I review review-0871 today.,"1,2,4,7,14,30"
872,Core English,review-0872,,,I review review-0872 today.,"1,2,4,7,14,30"
873,Core English,review-0873,,,I review review-0873 today.,"1,2,4,7,14,30"
874,Core English,review-0874,,,I review review-0874 today.,"1,2,4,7,14,30"
875,Core English,review-0875,,,I review review-0875 today.,"1,2,4,7,14,30"
876,Core English,review-0876,,,I review review-0876 today.,"1,2,4,7,14,30"
877,Core English,review-0877,,,I review review-0877 today.,"1,2,4,7,14,30"
878,Core English,review-0878,,,I review review-0878 today.,"1,2,4,7,14,30"
879,Core English,review-0879,,,I review review-0879 today.,"1,2,4,7,14,30"
880,Core English,review-0880,,,I review review-0880 today.,"1,2,4,7,14,30"
881,Core English,review-0881,,,I review review-0881 today.,"1,2,4,7,14,30"
882,Core English,review-0882,,,I review review-0882 today.,"1,2,4,7,14,30"
883,Core English,review-0883,,,I review review-0883 today.,"1,2,4,7,14,30"
884,Core English,review-0884,,,I review review-0884 today.,"1,2,4,7,14,30"
885,Core English,review-0885,,,I review review-0885 today.,"1,2,4,7,14,30"
886,Core English,review-0886,,,I review review-0886 today.,"1,2,4,7,14,30"
887,Core English,review-0887,,,I review review-0887 today.,"1,2,4,7,14,30"
888,Core English,review-0888,,,I review review-0888 today.,"1,2,4,7,14,30"
889,Core English,review-0889,,,I review review-0889 today.,"1,2,4,7,14,30"
890,Core English,review-0890,,,I review review-0890 today.,"1,2,4,7,14,30"
891,Core English,review-0891,,,I review review-0891 today.,"1,2,4,7,14,30"
892,Core English,review-0892,,,I review review-0892 today.,"1,2,4,7,14,30"
893,Core English,review-0893,,,I review review-0893 today.,"1,2,4,7,14,30"
894,Core English,review-0894,,,I review review-0894 today.,"1,2,4,7,14,30"
895,Core English,review-0895,,,I review review-0895 today.,"1,2,4,7,14,30"
896,Core English,review-0896,,,I review review-0896 today.,"1,2,4,7,14,30"
897,Core English,review-0897,,,I review review-0897 today.,"1,2,4,7,14,30"
898,Core English,review-0898,,,I review review-0898 today.,"1,2,4,7,14,30"
899,Core English,review-0899,,,I review review-0899 today.,"1,2,4,7,14,30"
900,Core English,review-0900,,,I review review-0900 today.,"1,2,4,7,14,30"
901,Core English,review-0901,,,I review review-0901 today.,"1,2,4,7,14,30"
902,Core English,review-0902,,,I review review-0902 today.,"1,2,4,7,14,30"
903,Core English,review-0903,,,I review review-0903 today.,"1,2,4,7,14,30"
904,Core English,review-0904,,,I review review-0904 today.,"1,2,4,7,14,30"
905,Core English,review-0905,,,I review review-0905 today.,"1,2,4,7,14,30"
906,Core English,review-0906,,,I review review-0906 today.,"1,2,4,7,14,30"
907,Core English,review-0907,,,I review review-0907 today.,"1,2,4,7,14,30"
908,Core English,review-0908,,,I review review-0908 today.,"1,2,4,7,14,30"
909,Core English,review-0909,,,I review review-0909 today.,"1,2,4,7,14,30"
910,Core English,review-0910,,,I review review-0910 today.,"1,2,4,7,14,30"
911,Core English,review-0911,,,I review review-0911 today.,"1,2,4,7,14,30"
912,Core English,review-0912,,,I review review-0912 today.,"1,2,4,7,14,30"
913,Core English,review-0913,,,I review review-0913 today.,"1,2,4,7,14,30"
914,Core English,review-0914,,,I review review-0914 today.,"1,2,4,7,14,30"
915,Core English,review-0915,,,I review review-0915 today.,"1,2,4,7,14,30"
916,Core English,review-0916,,,I review review-0916 today.,"1,2,4,7,14,30"
917,Core English,review-0917,,,I review review-0917 today.,"1,2,4,7,14,30"
918,Core English,review-0918,,,I review review-0918 today.,"1,2,4,7,14,30"
919,Core English,review-0919,,,I review review-0919 today.,"1,2,4,7,14,30"
920,Core English,review-0920,,,I review review-0920 today.,"1,2,4,7,14,30"
921,Core English,review-0921,,,I review review-0921 today.,"1,2,4,7,14,30"
922,Core English,review-0922,,,I review review-0922 today.,"1,2,4,7,14,30"
923,Core English,review-0923,,,I review review-0923 today.,"1,2,4,7,14,30"
924,Core English,review-0924,,,I review review-0924 today.,"1,2,4,7,14,30"
925,Core English,review-0925,,,I review review-0925 today.,"1,2,4,7,14,30"
926,Core English,review-0926,,,I review review-0926 today.,"1,2,4,7,14,30"
927,Core English,review-0927,,,I review review-0927 today.,"1,2,4,7,14,30"
928,Core English,review-0928,,,I review review-0928 today.,"1,2,4,7,14,30"
929,Core English,review-0929,,,I review review-0929 today.,"1,2,4,7,14,30"
930,Core English,review-0930,,,I review review-0930 today.,"1,2,4,7,14,30"
931,Core English,review-0931,,,I review review-0931 today.,"1,2,4,7,14,30"
932,Core English,review-0932,,,I review review-0932 today.,"1,2,4,7,14,30"
933,Core English,review-0933,,,I review review-0933 today.,"1,2,4,7,14,30"
934,Core English,review-0934,,,I review review-0934 today.,"1,2,4,7,14,30"
935,Core English,review-0935,,,I review review-0935 today.,"1,2,4,7,14,30"
936,Core English,review-0936,,,I review review-0936 today.,"1,2,4,7,14,30"
937,Core English,review-0937,,,I review review-0937 today.,"1,2,4,7,14,30"
938,Core English,review-0938,,,I review review-0938 today.,"1,2,4,7,14,30"
939,Core English,review-0939,,,I review review-0939 today.,"1,2,4,7,14,30"
940,Core English,review-0940,,,I review review-0940 today.,"1,2,4,7,14,30"
941,Core English,review-0941,,,I review review-0941 today.,"1,2,4,7,14,30"
942,Core English,review-0942,,,I review review-0942 today.,"1,2,4,7,14,30"
943,Core English,review-0943,,,I review review-0943 today.,"1,2,4,7,14,30"
944,Core English,review-0944,,,I review review-0944 today.,"1,2,4,7,14,30"
945,Core English,review-0945,,,I review review-0945 today.,"1,2,4,7,14,30"
946,Core English,review-0946,,,I review review-0946 today.,"1,2,4,7,14,30"
947,Core English,review-0947,,,I review review-0947 today.,"1,2,4,7,14,30"
948,Core English,review-0948,,,I review review-0948 today.,"1,2,4,7,14,30"
949,Core English,review-0949,,,I review review-0949 today.,"1,2,4,7,14,30"
950,Core English,review-0950,,,I review review-0950 today.,"1,2,4,7,14,30"
951,Core English,review-0951,,,I review review-0951 today.,"1,2,4,7,14,30"
952,Core English,review-0952,,,I review review-0952 today.,"1,2,4,7,14,30"
953,Core English,review-0953,,,I review review-0953 today.,"1,2,4,7,14,30"
954,Core English,review-0954,,,I review review-0954 today.,"1,2,4,7,14,30"
955,Core English,review-0955,,,I review review-0955 today.,"1,2,4,7,14,30"
956,Core English,review-0956,,,I review review-0956 today.,"1,2,4,7,14,30"
957,Core English,review-0957,,,I review review-0957 today.,"1,2,4,7,14,30"
958,Core English,review-0958,,,I review review-0958 today.,"1,2,4,7,14,30"
959,Core English,review-0959,,,I review review-0959 today.,"1,2,4,7,14,30"
960,Core English,review-0960,,,I review review-0960 today.,"1,2,4,7,14,30"
961,Core English,review-0961,,,I review review-0961 today.,"1,2,4,7,14,30"
962,Core English,review-0962,,,I review review-0962 today.,"1,2,4,7,14,30"
963,Core English,review-0963,,,I review review-0963 today.,"1,2,4,7,14,30"
964,Core English,review-0964,,,I review review-0964 today.,"1,2,4,7,14,30"
965,Core English,review-0965,,,I review review-0965 today.,"1,2,4,7,14,30"
966,Core English,review-0966,,,I review review-0966 today.,"1,2,4,7,14,30"
967,Core English,review-0967,,,I review review-0967 today.,"1,2,4,7,14,30"
968,Core English,review-0968,,,I review review-0968 today.,"1,2,4,7,14,30"
969,Core English,review-0969,,,I review review-0969 today.,"1,2,4,7,14,30"
970,Core English,review-0970,,,I review review-0970 today.,"1,2,4,7,14,30"
971,Core English,review-0971,,,I review review-0971 today.,"1,2,4,7,14,30"
972,Core English,review-0972,,,I review review-0972 today.,"1,2,4,7,14,30"
973,Core English,review-0973,,,I review review-0973 today.,"1,2,4,7,14,30"
974,Core English,review-0974,,,I review review-0974 today.,"1,2,4,7,14,30"
975,Core English,review-0975,,,I review review-0975 today.,"1,2,4,7,14,30"
976,Core English,review-0976,,,I review review-0976 today.,"1,2,4,7,14,30"
977,Core English,review-0977,,,I review review-0977 today.,"1,2,4,7,14,30"
978,Core English,review-0978,,,I review review-0978 today.,"1,2,4,7,14,30"
979,Core English,review-0979,,,I review review-0979 today.,"1,2,4,7,14,30"
980,Core English,review-0980,,,I review review-0980 today.,"1,2,4,7,14,30"
981,Core English,review-0981,,,I review review-0981 today.,"1,2,4,7,14,30"
982,Core English,review-0982,,,I review review-0982 today.,"1,2,4,7,14,30"
983,Core English,review-0983,,,I review review-0983 today.,"1,2,4,7,14,30"
984,Core English,review-0984,,,I review review-0984 today.,"1,2,4,7,14,30"
985,Core English,review-0985,,,I review review-0985 today.,"1,2,4,7,14,30"
986,Core English,review-0986,,,I review review-0986 today.,"1,2,4,7,14,30"
987,Core English,review-0987,,,I review review-0987 today.,"1,2,4,7,14,30"
988,Core English,review-0988,,,I review review-0988 today.,"1,2,4,7,14,30"
989,Core English,review-0989,,,I review review-0989 today.,"1,2,4,7,14,30"
990,Core English,review-0990,,,I review review-0990 today.,"1,2,4,7,14,30"
991,Core English,review-0991,,,I review review-0991 today.,"1,2,4,7,14,30"
992,Core English,review-0992,,,I review review-0992 today.,"1,2,4,7,14,30"
993,Core English,review-0993,,,I review review-0993 today.,"1,2,4,7,14,30"
994,Core English,review-0994,,,I review review-0994 today.,"1,2,4,7,14,30"
995,Core English,review-0995,,,I review review-0995 today.,"1,2,4,7,14,30"
996,Core English,review-0996,,,I review review-0996 today.,"1,2,4,7,14,30"
997,Core English,review-0997,,,I review review-0997 today.,"1,2,4,7,14,30"
998,Core English,review-0998,,,I review review-0998 today.,"1,2,4,7,14,30"
999,Core English,review-0999,,,I review review-0999 today.,"1,2,4,7,14,30"
1000,Core English,review-1000,,,I review review-1000 today.,"1,2,4,7,14,30"
1001,Core English,review-1001,,,I review review-1001 today.,"1,2,4,7,14,30"
1002,Core English,review-1002,,,I review review-1002 today.,"1,2,4,7,14,30"
1003,Core English,review-1003,,,I review review-1003 today.,"1,2,4,7,14,30"
1004,Core English,review-1004,,,I review review-1004 today.,"1,2,4,7,14,30"
1005,Core English,review-1005,,,I review review-1005 today.,"1,2,4,7,14,30"
1006,Core English,review-1006,,,I review review-1006 today.,"1,2,4,7,14,30"
1007,Core English,review-1007,,,I review review-1007 today.,"1,2,4,7,14,30"
1008,Core English,review-1008,,,I review review-1008 today.,"1,2,4,7,14,30"
1009,Core English,review-1009,,,I review review-1009 today.,"1,2,4,7,14,30"
1010,Core English,review-1010,,,I review review-1010 today.,"1,2,4,7,14,30"
1011,Core English,review-1011,,,I review review-1011 today.,"1,2,4,7,14,30"
1012,Core English,review-1012,,,I review review-1012 today.,"1,2,4,7,14,30"
1013,Core English,review-1013,,,I review review-1013 today.,"1,2,4,7,14,30"
1014,Core English,review-1014,,,I review review-1014 today.,"1,2,4,7,14,30"
1015,Core English,review-1015,,,I review review-1015 today.,"1,2,4,7,14,30"
1016,Core English,review-1016,,,I review review-1016 today.,"1,2,4,7,14,30"
1017,Core English,review-1017,,,I review review-1017 today.,"1,2,4,7,14,30"
1018,Core English,review-1018,,,I review review-1018 today.,"1,2,4,7,14,30"
1019,Core English,review-1019,,,I review review-1019 today.,"1,2,4,7,14,30"
1020,Core English,review-1020,,,I review review-1020 today.,"1,2,4,7,14,30"
1021,Core English,review-1021,,,I review review-1021 today.,"1,2,4,7,14,30"
1022,Core English,review-1022,,,I review review-1022 today.,"1,2,4,7,14,30"
1023,Core English,review-1023,,,I review review-1023 today.,"1,2,4,7,14,30"
1024,Core English,review-1024,,,I review review-1024 today.,"1,2,4,7,14,30"
1025,Core English,review-1025,,,I review review-1025 today.,"1,2,4,7,14,30"
1026,Core English,review-1026,,,I review review-1026 today.,"1,2,4,7,14,30"
1027,Core English,review-1027,,,I review review-1027 today.,"1,2,4,7,14,30"
1028,Core English,review-1028,,,I review review-1028 today.,"1,2,4,7,14,30"
1029,Core English,review-1029,,,I review review-1029 today.,"1,2,4,7,14,30"
1030,Core English,review-1030,,,I review review-1030 today.,"1,2,4,7,14,30"
1031,Core English,review-1031,,,I review review-1031 today.,"1,2,4,7,14,30"
1032,Core English,review-1032,,,I review review-1032 today.,"1,2,4,7,14,30"
1033,Core English,review-1033,,,I review review-1033 today.,"1,2,4,7,14,30"
1034,Core English,review-1034,,,I review review-1034 today.,"1,2,4,7,14,30"
1035,Core English,review-1035,,,I review review-1035 today.,"1,2,4,7,14,30"
1036,Core English,review-1036,,,I review review-1036 today.,"1,2,4,7,14,30"
1037,Core English,review-1037,,,I review review-1037 today.,"1,2,4,7,14,30"
1038,Core English,review-1038,,,I review review-1038 today.,"1,2,4,7,14,30"
1039,Core English,review-1039,,,I review review-1039 today.,"1,2,4,7,14,30"
1040,Core English,review-1040,,,I review review-1040 today.,"1,2,4,7,14,30"
1041,Core English,review-1041,,,I review review-1041 today.,"1,2,4,7,14,30"
1042,Core English,review-1042,,,I review review-1042 today.,"1,2,4,7,14,30"
1043,Core English,review-1043,,,I review review-1043 today.,"1,2,4,7,14,30"
1044,Core English,review-1044,,,I review review-1044 today.,"1,2,4,7,14,30"
1045,Core English,review-1045,,,I review review-1045 today.,"1,2,4,7,14,30"
1046,Core English,review-1046,,,I review review-1046 today.,"1,2,4,7,14,30"
1047,Core English,review-1047,,,I review review-1047 today.,"1,2,4,7,14,30"
1048,Core English,review-1048,,,I review review-1048 today.,"1,2,4,7,14,30"
1049,Core English,review-1049,,,I review review-1049 today.,"1,2,4,7,14,30"
1050,Core English,review-1050,,,I review review-1050 today.,"1,2,4,7,14,30"
1051,Core English,review-1051,,,I review review-1051 today.,"1,2,4,7,14,30"
1052,Core English,review-1052,,,I review review-1052 today.,"1,2,4,7,14,30"
1053,Core English,review-1053,,,I review review-1053 today.,"1,2,4,7,14,30"
1054,Core English,review-1054,,,I review review-1054 today.,"1,2,4,7,14,30"
1055,Core English,review-1055,,,I review review-1055 today.,"1,2,4,7,14,30"
1056,Core English,review-1056,,,I review review-1056 today.,"1,2,4,7,14,30"
1057,Core English,review-1057,,,I review review-1057 today.,"1,2,4,7,14,30"
1058,Core English,review-1058,,,I review review-1058 today.,"1,2,4,7,14,30"
1059,Core English,review-1059,,,I review review-1059 today.,"1,2,4,7,14,30"
1060,Core English,review-1060,,,I review review-1060 today.,"1,2,4,7,14,30"
1061,Core English,review-1061,,,I review review-1061 today.,"1,2,4,7,14,30"
1062,Core English,review-1062,,,I review review-1062 today.,"1,2,4,7,14,30"
1063,Core English,review-1063,,,I review review-1063 today.,"1,2,4,7,14,30"
1064,Core English,review-1064,,,I review review-1064 today.,"1,2,4,7,14,30"
1065,Core English,review-1065,,,I review review-1065 today.,"1,2,4,7,14,30"
1066,Core English,review-1066,,,I review review-1066 today.,"1,2,4,7,14,30"
1067,Core English,review-1067,,,I review review-1067 today.,"1,2,4,7,14,30"
1068,Core English,review-1068,,,I review review-1068 today.,"1,2,4,7,14,30"
1069,Core English,review-1069,,,I review review-1069 today.,"1,2,4,7,14,30"
1070,Core English,review-1070,,,I review review-1070 today.,"1,2,4,7,14,30"
1071,Core English,review-1071,,,I review review-1071 today.,"1,2,4,7,14,30"
1072,Core English,review-1072,,,I review review-1072 today.,"1,2,4,7,14,30"
1073,Core English,review-1073,,,I review review-1073 today.,"1,2,4,7,14,30"
1074,Core English,review-1074,,,I review review-1074 today.,"1,2,4,7,14,30"
1075,Core English,review-1075,,,I review review-1075 today.,"1,2,4,7,14,30"
1076,Core English,review-1076,,,I review review-1076 today.,"1,2,4,7,14,30"
1077,Core English,review-1077,,,I review review-1077 today.,"1,2,4,7,14,30"
1078,Core English,review-1078,,,I review review-1078 today.,"1,2,4,7,14,30"
1079,Core English,review-1079,,,I review review-1079 today.,"1,2,4,7,14,30"
1080,Core English,review-1080,,,I review review-1080 today.,"1,2,4,7,14,30"
1081,Core English,review-1081,,,I review review-1081 today.,"1,2,4,7,14,30"
1082,Core English,review-1082,,,I review review-1082 today.,"1,2,4,7,14,30"
1083,Core English,review-1083,,,I review review-1083 today.,"1,2,4,7,14,30"
1084,Core English,review-1084,,,I review review-1084 today.,"1,2,4,7,14,30"
1085,Core English,review-1085,,,I review review-1085 today.,"1,2,4,7,14,30"
1086,Core English,review-1086,,,I review review-1086 today.,"1,2,4,7,14,30"
1087,Core English,review-1087,,,I review review-1087 today.,"1,2,4,7,14,30"
1088,Core English,review-1088,,,I review review-1088 today.,"1,2,4,7,14,30"
1089,Core English,review-1089,,,I review review-1089 today.,"1,2,4,7,14,30"
1090,Core English,review-1090,,,I review review-1090 today.,"1,2,4,7,14,30"
1091,Core English,review-1091,,,I review review-1091 today.,"1,2,4,7,14,30"
1092,Core English,review-1092,,,I review review-1092 today.,"1,2,4,7,14,30"
1093,Core English,review-1093,,,I review review-1093 today.,"1,2,4,7,14,30"
1094,Core English,review-1094,,,I review review-1094 today.,"1,2,4,7,14,30"
1095,Core English,review-1095,,,I review review-1095 today.,"1,2,4,7,14,30"
1096,Core English,review-1096,,,I review review-1096 today.,"1,2,4,7,14,30"
1097,Core English,review-1097,,,I review review-1097 today.,"1,2,4,7,14,30"
1098,Core English,review-1098,,,I review review-1098 today.,"1,2,4,7,14,30"
1099,Core English,review-1099,,,I review review-1099 today.,"1,2,4,7,14,30"
1100,Core English,review-1100,,,I review review-1100 today.,"1,2,4,7,14,30"
1101,Core English,review-1101,,,I review review-1101 today.,"1,2,4,7,14,30"
1102,Core English,review-1102,,,I review review-1102 today.,"1,2,4,7,14,30"
1103,Core English,review-1103,,,I review review-1103 today.,"1,2,4,7,14,30"
1104,Core English,review-1104,,,I review review-1104 today.,"1,2,4,7,14,30"
1105,Core English,review-1105,,,I review review-1105 today.,"1,2,4,7,14,30"
1106,Core English,review-1106,,,I review review-1106 today.,"1,2,4,7,14,30"
1107,Core English,review-1107,,,I review review-1107 today.,"1,2,4,7,14,30"
1108,Core English,review-1108,,,I review review-1108 today.,"1,2,4,7,14,30"
1109,Core English,review-1109,,,I review review-1109 today.,"1,2,4,7,14,30"
1110,Core English,review-1110,,,I review review-1110 today.,"1,2,4,7,14,30"
1111,Core English,review-1111,,,I review review-1111 today.,"1,2,4,7,14,30"
1112,Core English,review-1112,,,I review review-1112 today.,"1,2,4,7,14,30"
1113,Core English,review-1113,,,I review review-1113 today.,"1,2,4,7,14,30"
1114,Core English,review-1114,,,I review review-1114 today.,"1,2,4,7,14,30"
1115,Core English,review-1115,,,I review review-1115 today.,"1,2,4,7,14,30"
1116,Core English,review-1116,,,I review review-1116 today.,"1,2,4,7,14,30"
1117,Core English,review-1117,,,I review review-1117 today.,"1,2,4,7,14,30"
1118,Core English,review-1118,,,I review review-1118 today.,"1,2,4,7,14,30"
1119,Core English,review-1119,,,I review review-1119 today.,"1,2,4,7,14,30"
1120,Core English,review-1120,,,I review review-1120 today.,"1,2,4,7,14,30"
1121,Core English,review-1121,,,I review review-1121 today.,"1,2,4,7,14,30"
1122,Core English,review-1122,,,I review review-1122 today.,"1,2,4,7,14,30"
1123,Core English,review-1123,,,I review review-1123 today.,"1,2,4,7,14,30"
1124,Core English,review-1124,,,I review review-1124 today.,"1,2,4,7,14,30"
1125,Core English,review-1125,,,I review review-1125 today.,"1,2,4,7,14,30"
1126,Core English,review-1126,,,I review review-1126 today.,"1,2,4,7,14,30"
1127,Core English,review-1127,,,I review review-1127 today.,"1,2,4,7,14,30"
1128,Core English,review-1128,,,I review review-1128 today.,"1,2,4,7,14,30"
1129,Core English,review-1129,,,I review review-1129 today.,"1,2,4,7,14,30"
1130,Core English,review-1130,,,I review review-1130 today.,"1,2,4,7,14,30"
1131,Core English,review-1131,,,I review review-1131 today.,"1,2,4,7,14,30"
1132,Core English,review-1132,,,I review review-1132 today.,"1,2,4,7,14,30"
1133,Core English,review-1133,,,I review review-1133 today.,"1,2,4,7,14,30"
1134,Core English,review-1134,,,I review review-1134 today.,"1,2,4,7,14,30"
1135,Core English,review-1135,,,I review review-1135 today.,"1,2,4,7,14,30"
1136,Core English,review-1136,,,I review review-1136 today.,"1,2,4,7,14,30"
1137,Core English,review-1137,,,I review review-1137 today.,"1,2,4,7,14,30"
1138,Core English,review-1138,,,I review review-1138 today.,"1,2,4,7,14,30"
1139,Core English,review-1139,,,I review review-1139 today.,"1,2,4,7,14,30"
1140,Core English,review-1140,,,I review review-1140 today.,"1,2,4,7,14,30"
1141,Core English,review-1141,,,I review review-1141 today.,"1,2,4,7,14,30"
1142,Core English,review-1142,,,I review review-1142 today.,"1,2,4,7,14,30"
1143,Core English,review-1143,,,I review review-1143 today.,"1,2,4,7,14,30"
1144,Core English,review-1144,,,I review review-1144 today.,"1,2,4,7,14,30"
1145,Core English,review-1145,,,I review review-1145 today.,"1,2,4,7,14,30"
1146,Core English,review-1146,,,I review review-1146 today.,"1,2,4,7,14,30"
1147,Core English,review-1147,,,I review review-1147 today.,"1,2,4,7,14,30"
1148,Core English,review-1148,,,I review review-1148 today.,"1,2,4,7,14,30"
1149,Core English,review-1149,,,I review review-1149 today.,"1,2,4,7,14,30"
1150,Core English,review-1150,,,I review review-1150 today.,"1,2,4,7,14,30"
1151,Core English,review-1151,,,I review review-1151 today.,"1,2,4,7,14,30"
1152,Core English,review-1152,,,I review review-1152 today.,"1,2,4,7,14,30"
1153,Core English,review-1153,,,I review review-1153 today.,"1,2,4,7,14,30"
1154,Core English,review-1154,,,I review review-1154 today.,"1,2,4,7,14,30"
1155,Core English,review-1155,,,I review review-1155 today.,"1,2,4,7,14,30"
1156,Core English,review-1156,,,I review review-1156 today.,"1,2,4,7,14,30"
1157,Core English,review-1157,,,I review review-1157 today.,"1,2,4,7,14,30"
1158,Core English,review-1158,,,I review review-1158 today.,"1,2,4,7,14,30"
1159,Core English,review-1159,,,I review review-1159 today.,"1,2,4,7,14,30"
1160,Core English,review-1160,,,I review review-1160 today.,"1,2,4,7,14,30"
1161,Core English,review-1161,,,I review review-1161 today.,"1,2,4,7,14,30"
1162,Core English,review-1162,,,I review review-1162 today.,"1,2,4,7,14,30"
1163,Core English,review-1163,,,I review review-1163 today.,"1,2,4,7,14,30"
1164,Core English,review-1164,,,I review review-1164 today.,"1,2,4,7,14,30"
1165,Core English,review-1165,,,I review review-1165 today.,"1,2,4,7,14,30"
1166,Core English,review-1166,,,I review review-1166 today.,"1,2,4,7,14,30"
1167,Core English,review-1167,,,I review review-1167 today.,"1,2,4,7,14,30"
1168,Core English,review-1168,,,I review review-1168 today.,"1,2,4,7,14,30"
1169,Core English,review-1169,,,I review review-1169 today.,"1,2,4,7,14,30"
1170,Core English,review-1170,,,I review review-1170 today.,"1,2,4,7,14,30"
1171,Core English,review-1171,,,I review review-1171 today.,"1,2,4,7,14,30"
1172,Core English,review-1172,,,I review review-1172 today.,"1,2,4,7,14,30"
1173,Core English,review-1173,,,I review review-1173 today.,"1,2,4,7,14,30"
1174,Core English,review-1174,,,I review review-1174 today.,"1,2,4,7,14,30"
1175,Core English,review-1175,,,I review review-1175 today.,"1,2,4,7,14,30"
1176,Core English,review-1176,,,I review review-1176 today.,"1,2,4,7,14,30"
1177,Core English,review-1177,,,I review review-1177 today.,"1,2,4,7,14,30"
1178,Core English,review-1178,,,I review review-1178 today.,"1,2,4,7,14,30"
1179,Core English,review-1179,,,I review review-1179 today.,"1,2,4,7,14,30"
1180,Core English,review-1180,,,I review review-1180 today.,"1,2,4,7,14,30"
1181,Core English,review-1181,,,I review review-1181 today.,"1,2,4,7,14,30"
1182,Core English,review-1182,,,I review review-1182 today.,"1,2,4,7,14,30"
1183,Core English,review-1183,,,I review review-1183 today.,"1,2,4,7,14,30"
1184,Core English,review-1184,,,I review review-1184 today.,"1,2,4,7,14,30"
1185,Core English,review-1185,,,I review review-1185 today.,"1,2,4,7,14,30"
1186,Core English,review-1186,,,I review review-1186 today.,"1,2,4,7,14,30"
1187,Core English,review-1187,,,I review review-1187 today.,"1,2,4,7,14,30"
1188,Core English,review-1188,,,I review review-1188 today.,"1,2,4,7,14,30"
1189,Core English,review-1189,,,I review review-1189 today.,"1,2,4,7,14,30"
1190,Core English,review-1190,,,I review review-1190 today.,"1,2,4,7,14,30"
1191,Core English,review-1191,,,I review review-1191 today.,"1,2,4,7,14,30"
1192,Core English,review-1192,,,I review review-1192 today.,"1,2,4,7,14,30"
1193,Core English,review-1193,,,I review review-1193 today.,"1,2,4,7,14,30"
1194,Core English,review-1194,,,I review review-1194 today.,"1,2,4,7,14,30"
1195,Core English,review-1195,,,I review review-1195 today.,"1,2,4,7,14,30"
1196,Core English,review-1196,,,I review review-1196 today.,"1,2,4,7,14,30"
1197,Core English,review-1197,,,I review review-1197 today.,"1,2,4,7,14,30"
1198,Core English,review-1198,,,I review review-1198 today.,"1,2,4,7,14,30"
1199,Core English,review-1199,,,I review review-1199 today.,"1,2,4,7,14,30"
1200,Core English,review-1200,,,I review review-1200 today.,"1,2,4,7,14,30"
1201,Core English,review-1201,,,I review review-1201 today.,"1,2,4,7,14,30"
1202,Core English,review-1202,,,I review review-1202 today.,"1,2,4,7,14,30"
1203,Core English,review-1203,,,I review review-1203 today.,"1,2,4,7,14,30"
1204,Core English,review-1204,,,I review review-1204 today.,"1,2,4,7,14,30"
1205,Core English,review-1205,,,I review review-1205 today.,"1,2,4,7,14,30"
1206,Core English,review-1206,,,I review review-1206 today.,"1,2,4,7,14,30"
1207,Core English,review-1207,,,I review review-1207 today.,"1,2,4,7,14,30"
1208,Core English,review-1208,,,I review review-1208 today.,"1,2,4,7,14,30"
1209,Core English,review-1209,,,I review review-1209 today.,"1,2,4,7,14,30"
1210,Core English,review-1210,,,I review review-1210 today.,"1,2,4,7,14,30"
1211,Core English,review-1211,,,I review review-1211 today.,"1,2,4,7,14,30"
1212,Core English,review-1212,,,I review review-1212 today.,"1,2,4,7,14,30"
1213,Core English,review-1213,,,I review review-1213 today.,"1,2,4,7,14,30"
1214,Core English,review-1214,,,I review review-1214 today.,"1,2,4,7,14,30"
1215,Core English,review-1215,,,I review review-1215 today.,"1,2,4,7,14,30"
1216,Core English,review-1216,,,I review review-1216 today.,"1,2,4,7,14,30"
1217,Core English,review-1217,,,I review review-1217 today.,"1,2,4,7,14,30"
1218,Core English,review-1218,,,I review review-1218 today.,"1,2,4,7,14,30"
1219,Core English,review-1219,,,I review review-1219 today.,"1,2,4,7,14,30"
1220,Core English,review-1220,,,I review review-1220 today.,"1,2,4,7,14,30"
1221,Core English,review-1221,,,I review review-1221 today.,"1,2,4,7,14,30"
1222,Core English,review-1222,,,I review review-1222 today.,"1,2,4,7,14,30"
1223,Core English,review-1223,,,I review review-1223 today.,"1,2,4,7,14,30"
1224,Core English,review-1224,,,I review review-1224 today.,"1,2,4,7,14,30"
1225,Core English,review-1225,,,I review review-1225 today.,"1,2,4,7,14,30"
1226,Core English,review-1226,,,I review review-1226 today.,"1,2,4,7,14,30"
1227,Core English,review-1227,,,I review review-1227 today.,"1,2,4,7,14,30"
1228,Core English,review-1228,,,I review review-1228 today.,"1,2,4,7,14,30"
1229,Core English,review-1229,,,I review review-1229 today.,"1,2,4,7,14,30"
1230,Core English,review-1230,,,I review review-1230 today.,"1,2,4,7,14,30"
1231,Core English,review-1231,,,I review review-1231 today.,"1,2,4,7,14,30"
1232,Core English,review-1232,,,I review review-1232 today.,"1,2,4,7,14,30"
1233,Core English,review-1233,,,I review review-1233 today.,"1,2,4,7,14,30"
1234,Core English,review-1234,,,I review review-1234 today.,"1,2,4,7,14,30"
1235,Core English,review-1235,,,I review review-1235 today.,"1,2,4,7,14,30"
1236,Core English,review-1236,,,I review review-1236 today.,"1,2,4,7,14,30"
1237,Core English,review-1237,,,I review review-1237 today.,"1,2,4,7,14,30"
1238,Core English,review-1238,,,I review review-1238 today.,"1,2,4,7,14,30"
1239,Core English,review-1239,,,I review review-1239 today.,"1,2,4,7,14,30"
1240,Core English,review-1240,,,I review review-1240 today.,"1,2,4,7,14,30"
1241,Core English,review-1241,,,I review review-1241 today.,"1,2,4,7,14,30"
1242,Core English,review-1242,,,I review review-1242 today.,"1,2,4,7,14,30"
1243,Core English,review-1243,,,I review review-1243 today.,"1,2,4,7,14,30"
1244,Core English,review-1244,,,I review review-1244 today.,"1,2,4,7,14,30"
1245,Core English,review-1245,,,I review review-1245 today.,"1,2,4,7,14,30"
1246,Core English,review-1246,,,I review review-1246 today.,"1,2,4,7,14,30"
1247,Core English,review-1247,,,I review review-1247 today.,"1,2,4,7,14,30"
1248,Core English,review-1248,,,I review review-1248 today.,"1,2,4,7,14,30"
1249,Core English,review-1249,,,I review review-1249 today.,"1,2,4,7,14,30"
1250,Core English,review-1250,,,I review review-1250 today.,"1,2,4,7,14,30"
1251,Core English,review-1251,,,I review review-1251 today.,"1,2,4,7,14,30"
1252,Core English,review-1252,,,I review review-1252 today.,"1,2,4,7,14,30"
1253,Core English,review-1253,,,I review review-1253 today.,"1,2,4,7,14,30"
1254,Core English,review-1254,,,I review review-1254 today.,"1,2,4,7,14,30"
1255,Core English,review-1255,,,I review review-1255 today.,"1,2,4,7,14,30"
1256,Core English,review-1256,,,I review review-1256 today.,"1,2,4,7,14,30"
1257,Core English,review-1257,,,I review review-1257 today.,"1,2,4,7,14,30"
1258,Core English,review-1258,,,I review review-1258 today.,"1,2,4,7,14,30"
1259,Core English,review-1259,,,I review review-1259 today.,"1,2,4,7,14,30"
1260,Core English,review-1260,,,I review review-1260 today.,"1,2,4,7,14,30"
1261,Core English,review-1261,,,I review review-1261 today.,"1,2,4,7,14,30"
1262,Core English,review-1262,,,I review review-1262 today.,"1,2,4,7,14,30"
1263,Core English,review-1263,,,I review review-1263 today.,"1,2,4,7,14,30"
1264,Core English,review-1264,,,I review review-1264 today.,"1,2,4,7,14,30"
1265,Core English,review-1265,,,I review review-1265 today.,"1,2,4,7,14,30"
1266,Core English,review-1266,,,I review review-1266 today.,"1,2,4,7,14,30"
1267,Core English,review-1267,,,I review review-1267 today.,"1,2,4,7,14,30"
1268,Core English,review-1268,,,I review review-1268 today.,"1,2,4,7,14,30"
1269,Core English,review-1269,,,I review review-1269 today.,"1,2,4,7,14,30"
1270,Core English,review-1270,,,I review review-1270 today.,"1,2,4,7,14,30"
1271,Core English,review-1271,,,I review review-1271 today.,"1,2,4,7,14,30"
1272,Core English,review-1272,,,I review review-1272 today.,"1,2,4,7,14,30"
1273,Core English,review-1273,,,I review review-1273 today.,"1,2,4,7,14,30"
1274,Core English,review-1274,,,I review review-1274 today.,"1,2,4,7,14,30"
1275,Core English,review-1275,,,I review review-1275 today.,"1,2,4,7,14,30"
1276,Core English,review-1276,,,I review review-1276 today.,"1,2,4,7,14,30"
1277,Core English,review-1277,,,I review review-1277 today.,"1,2,4,7,14,30"
1278,Core English,review-1278,,,I review review-1278 today.,"1,2,4,7,14,30"
1279,Core English,review-1279,,,I review review-1279 today.,"1,2,4,7,14,30"
1280,Core English,review-1280,,,I review review-1280 today.,"1,2,4,7,14,30"
1281,Core English,review-1281,,,I review review-1281 today.,"1,2,4,7,14,30"
1282,Core English,review-1282,,,I review review-1282 today.,"1,2,4,7,14,30"
1283,Core English,review-1283,,,I review review-1283 today.,"1,2,4,7,14,30"
1284,Core English,review-1284,,,I review review-1284 today.,"1,2,4,7,14,30"
1285,Core English,review-1285,,,I review review-1285 today.,"1,2,4,7,14,30"
1286,Core English,review-1286,,,I review review-1286 today.,"1,2,4,7,14,30"
1287,Core English,review-1287,,,I review review-1287 today.,"1,2,4,7,14,30"
1288,Core English,review-1288,,,I review review-1288 today.,"1,2,4,7,14,30"
1289,Core English,review-1289,,,I review review-1289 today.,"1,2,4,7,14,30"
1290,Core English,review-1290,,,I review review-1290 today.,"1,2,4,7,14,30"
1291,Core English,review-1291,,,I review review-1291 today.,"1,2,4,7,14,30"
1292,Core English,review-1292,,,I review review-1292 today.,"1,2,4,7,14,30"
1293,Core English,review-1293,,,I review review-1293 today.,"1,2,4,7,14,30"
1294,Core English,review-1294,,,I review review-1294 today.,"1,2,4,7,14,30"
1295,Core English,review-1295,,,I review review-1295 today.,"1,2,4,7,14,30"
1296,Core English,review-1296,,,I review review-1296 today.,"1,2,4,7,14,30"
1297,Core English,review-1297,,,I review review-1297 today.,"1,2,4,7,14,30"
1298,Core English,review-1298,,,I review review-1298 today.,"1,2,4,7,14,30"
1299,Core English,review-1299,,,I review review-1299 today.,"1,2,4,7,14,30"
1300,Core English,review-1300,,,I review review-1300 today.,"1,2,4,7,14,30"
1301,Core English,review-1301,,,I review review-1301 today.,"1,2,4,7,14,30"
1302,Core English,review-1302,,,I review review-1302 today.,"1,2,4,7,14,30"
1303,Core English,review-1303,,,I review review-1303 today.,"1,2,4,7,14,30"
1304,Core English,review-1304,,,I review review-1304 today.,"1,2,4,7,14,30"
1305,Core English,review-1305,,,I review review-1305 today.,"1,2,4,7,14,30"
1306,Core English,review-1306,,,I review review-1306 today.,"1,2,4,7,14,30"
1307,Core English,review-1307,,,I review review-1307 today.,"1,2,4,7,14,30"
1308,Core English,review-1308,,,I review review-1308 today.,"1,2,4,7,14,30"
1309,Core English,review-1309,,,I review review-1309 today.,"1,2,4,7,14,30"
1310,Core English,review-1310,,,I review review-1310 today.,"1,2,4,7,14,30"
1311,Core English,review-1311,,,I review review-1311 today.,"1,2,4,7,14,30"
1312,Core English,review-1312,,,I review review-1312 today.,"1,2,4,7,14,30"
1313,Core English,review-1313,,,I review review-1313 today.,"1,2,4,7,14,30"
1314,Core English,review-1314,,,I review review-1314 today.,"1,2,4,7,14,30"
1315,Core English,review-1315,,,I review review-1315 today.,"1,2,4,7,14,30"
1316,Core English,review-1316,,,I review review-1316 today.,"1,2,4,7,14,30"
1317,Core English,review-1317,,,I review review-1317 today.,"1,2,4,7,14,30"
1318,Core English,review-1318,,,I review review-1318 today.,"1,2,4,7,14,30"
1319,Core English,review-1319,,,I review review-1319 today.,"1,2,4,7,14,30"
1320,Core English,review-1320,,,I review review-1320 today.,"1,2,4,7,14,30"
1321,Core English,review-1321,,,I review review-1321 today.,"1,2,4,7,14,30"
1322,Core English,review-1322,,,I review review-1322 today.,"1,2,4,7,14,30"
1323,Core English,review-1323,,,I review review-1323 today.,"1,2,4,7,14,30"
1324,Core English,review-1324,,,I review review-1324 today.,"1,2,4,7,14,30"
1325,Core English,review-1325,,,I review review-1325 today.,"1,2,4,7,14,30"
1326,Core English,review-1326,,,I review review-1326 today.,"1,2,4,7,14,30"
1327,Core English,review-1327,,,I review review-1327 today.,"1,2,4,7,14,30"
1328,Core English,review-1328,,,I review review-1328 today.,"1,2,4,7,14,30"
1329,Core English,review-1329,,,I review review-1329 today.,"1,2,4,7,14,30"
1330,Core English,review-1330,,,I review review-1330 today.,"1,2,4,7,14,30"
1331,Core English,review-1331,,,I review review-1331 today.,"1,2,4,7,14,30"
1332,Core English,review-1332,,,I review review-1332 today.,"1,2,4,7,14,30"
1333,Core English,review-1333,,,I review review-1333 today.,"1,2,4,7,14,30"
1334,Core English,review-1334,,,I review review-1334 today.,"1,2,4,7,14,30"
1335,Core English,review-1335,,,I review review-1335 today.,"1,2,4,7,14,30"
1336,Core English,review-1336,,,I review review-1336 today.,"1,2,4,7,14,30"
1337,Core English,review-1337,,,I review review-1337 today.,"1,2,4,7,14,30"
1338,Core English,review-1338,,,I review review-1338 today.,"1,2,4,7,14,30"
1339,Core English,review-1339,,,I review review-1339 today.,"1,2,4,7,14,30"
1340,Core English,review-1340,,,I review review-1340 today.,"1,2,4,7,14,30"
1341,Core English,review-1341,,,I review review-1341 today.,"1,2,4,7,14,30"
1342,Core English,review-1342,,,I review review-1342 today.,"1,2,4,7,14,30"
1343,Core English,review-1343,,,I review review-1343 today.,"1,2,4,7,14,30"
1344,Core English,review-1344,,,I review review-1344 today.,"1,2,4,7,14,30"
1345,Core English,review-1345,,,I review review-1345 today.,"1,2,4,7,14,30"
1346,Core English,review-1346,,,I review review-1346 today.,"1,2,4,7,14,30"
1347,Core English,review-1347,,,I review review-1347 today.,"1,2,4,7,14,30"
1348,Core English,review-1348,,,I review review-1348 today.,"1,2,4,7,14,30"
1349,Core English,review-1349,,,I review review-1349 today.,"1,2,4,7,14,30"
1350,Core English,review-1350,,,I review review-1350 today.,"1,2,4,7,14,30"
1351,Core English,review-1351,,,I review review-1351 today.,"1,2,4,7,14,30"
1352,Core English,review-1352,,,I review review-1352 today.,"1,2,4,7,14,30"
1353,Core English,review-1353,,,I review review-1353 today.,"1,2,4,7,14,30"
1354,Core English,review-1354,,,I review review-1354 today.,"1,2,4,7,14,30"
1355,Core English,review-1355,,,I review review-1355 today.,"1,2,4,7,14,30"
1356,Core English,review-1356,,,I review review-1356 today.,"1,2,4,7,14,30"
1357,Core English,review-1357,,,I review review-1357 today.,"1,2,4,7,14,30"
1358,Core English,review-1358,,,I review review-1358 today.,"1,2,4,7,14,30"
1359,Core English,review-1359,,,I review review-1359 today.,"1,2,4,7,14,30"
1360,Core English,review-1360,,,I review review-1360 today.,"1,2,4,7,14,30"
1361,Core English,review-1361,,,I review review-1361 today.,"1,2,4,7,14,30"
1362,Core English,review-1362,,,I review review-1362 today.,"1,2,4,7,14,30"
1363,Core English,review-1363,,,I review review-1363 today.,"1,2,4,7,14,30"
1364,Core English,review-1364,,,I review review-1364 today.,"1,2,4,7,14,30"
1365,Core English,review-1365,,,I review review-1365 today.,"1,2,4,7,14,30"
1366,Core English,review-1366,,,I review review-1366 today.,"1,2,4,7,14,30"
1367,Core English,review-1367,,,I review review-1367 today.,"1,2,4,7,14,30"
1368,Core English,review-1368,,,I review review-1368 today.,"1,2,4,7,14,30"
1369,Core English,review-1369,,,I review review-1369 today.,"1,2,4,7,14,30"
1370,Core English,review-1370,,,I review review-1370 today.,"1,2,4,7,14,30"
1371,Core English,review-1371,,,I review review-1371 today.,"1,2,4,7,14,30"
1372,Core English,review-1372,,,I review review-1372 today.,"1,2,4,7,14,30"
1373,Core English,review-1373,,,I review review-1373 today.,"1,2,4,7,14,30"
1374,Core English,review-1374,,,I review review-1374 today.,"1,2,4,7,14,30"
1375,Core English,review-1375,,,I review review-1375 today.,"1,2,4,7,14,30"
1376,Core English,review-1376,,,I review review-1376 today.,"1,2,4,7,14,30"
1377,Core English,review-1377,,,I review review-1377 today.,"1,2,4,7,14,30"
1378,Core English,review-1378,,,I review review-1378 today.,"1,2,4,7,14,30"
1379,Core English,review-1379,,,I review review-1379 today.,"1,2,4,7,14,30"
1380,Core English,review-1380,,,I review review-1380 today.,"1,2,4,7,14,30"
1381,Core English,review-1381,,,I review review-1381 today.,"1,2,4,7,14,30"
1382,Core English,review-1382,,,I review review-1382 today.,"1,2,4,7,14,30"
1383,Core English,review-1383,,,I review review-1383 today.,"1,2,4,7,14,30"
1384,Core English,review-1384,,,I review review-1384 today.,"1,2,4,7,14,30"
1385,Core English,review-1385,,,I review review-1385 today.,"1,2,4,7,14,30"
1386,Core English,review-1386,,,I review review-1386 today.,"1,2,4,7,14,30"
1387,Core English,review-1387,,,I review review-1387 today.,"1,2,4,7,14,30"
1388,Core English,review-1388,,,I review review-1388 today.,"1,2,4,7,14,30"
1389,Core English,review-1389,,,I review review-1389 today.,"1,2,4,7,14,30"
1390,Core English,review-1390,,,I review review-1390 today.,"1,2,4,7,14,30"
1391,Core English,review-1391,,,I review review-1391 today.,"1,2,4,7,14,30"
1392,Core English,review-1392,,,I review review-1392 today.,"1,2,4,7,14,30"
1393,Core English,review-1393,,,I review review-1393 today.,"1,2,4,7,14,30"
1394,Core English,review-1394,,,I review review-1394 today.,"1,2,4,7,14,30"
1395,Core English,review-1395,,,I review review-1395 today.,"1,2,4,7,14,30"
1396,Core English,review-1396,,,I review review-1396 today.,"1,2,4,7,14,30"
1397,Core English,review-1397,,,I review review-1397 today.,"1,2,4,7,14,30"
1398,Core English,review-1398,,,I review review-1398 today.,"1,2,4,7,14,30"
1399,Core English,review-1399,,,I review review-1399 today.,"1,2,4,7,14,30"
1400,Core English,review-1400,,,I review review-1400 today.,"1,2,4,7,14,30"
1401,Core English,review-1401,,,I review review-1401 today.,"1,2,4,7,14,30"
1402,Core English,review-1402,,,I review review-1402 today.,"1,2,4,7,14,30"
1403,Core English,review-1403,,,I review review-1403 today.,"1,2,4,7,14,30"
1404,Core English,review-1404,,,I review review-1404 today.,"1,2,4,7,14,30"
1405,Core English,review-1405,,,I review review-1405 today.,"1,2,4,7,14,30"
1406,Core English,review-1406,,,I review review-1406 today.,"1,2,4,7,14,30"
1407,Core English,review-1407,,,I review review-1407 today.,"1,2,4,7,14,30"
1408,Core English,review-1408,,,I review review-1408 today.,"1,2,4,7,14,30"
1409,Core English,review-1409,,,I review review-1409 today.,"1,2,4,7,14,30"
1410,Core English,review-1410,,,I review review-1410 today.,"1,2,4,7,14,30"
1411,Core English,review-1411,,,I review review-1411 today.,"1,2,4,7,14,30"
1412,Core English,review-1412,,,I review review-1412 today.,"1,2,4,7,14,30"
1413,Core English,review-1413,,,I review review-1413 today.,"1,2,4,7,14,30"
1414,Core English,review-1414,,,I review review-1414 today.,"1,2,4,7,14,30"
1415,Core English,review-1415,,,I review review-1415 today.,"1,2,4,7,14,30"
1416,Core English,review-1416,,,I review review-1416 today.,"1,2,4,7,14,30"
1417,Core English,review-1417,,,I review review-1417 today.,"1,2,4,7,14,30"
1418,Core English,review-1418,,,I review review-1418 today.,"1,2,4,7,14,30"
1419,Core English,review-1419,,,I review review-1419 today.,"1,2,4,7,14,30"
1420,Core English,review-1420,,,I review review-1420 today.,"1,2,4,7,14,30"
1421,Core English,review-1421,,,I review review-1421 today.,"1,2,4,7,14,30"
1422,Core English,review-1422,,,I review review-1422 today.,"1,2,4,7,14,30"
1423,Core English,review-1423,,,I review review-1423 today.,"1,2,4,7,14,30"
1424,Core English,review-1424,,,I review review-1424 today.,"1,2,4,7,14,30"
1425,Core English,review-1425,,,I review review-1425 today.,"1,2,4,7,14,30"
1426,Core English,review-1426,,,I review review-1426 today.,"1,2,4,7,14,30"
1427,Core English,review-1427,,,I review review-1427 today.,"1,2,4,7,14,30"
1428,Core English,review-1428,,,I review review-1428 today.,"1,2,4,7,14,30"
1429,Core English,review-1429,,,I review review-1429 today.,"1,2,4,7,14,30"
1430,Core English,review-1430,,,I review review-1430 today.,"1,2,4,7,14,30"
1431,Core English,review-1431,,,I review review-1431 today.,"1,2,4,7,14,30"
1432,Core English,review-1432,,,I review review-1432 today.,"1,2,4,7,14,30"
1433,Core English,review-1433,,,I review review-1433 today.,"1,2,4,7,14,30"
1434,Core English,review-1434,,,I review review-1434 today.,"1,2,4,7,14,30"
1435,Core English,review-1435,,,I review review-1435 today.,"1,2,4,7,14,30"
1436,Core English,review-1436,,,I review review-1436 today.,"1,2,4,7,14,30"
1437,Core English,review-1437,,,I review review-1437 today.,"1,2,4,7,14,30"
1438,Core English,review-1438,,,I review review-1438 today.,"1,2,4,7,14,30"
1439,Core English,review-1439,,,I review review-1439 today.,"1,2,4,7,14,30"
1440,Core English,review-1440,,,I review review-1440 today.,"1,2,4,7,14,30"
1441,Core English,review-1441,,,I review review-1441 today.,"1,2,4,7,14,30"
1442,Core English,review-1442,,,I review review-1442 today.,"1,2,4,7,14,30"
1443,Core English,review-1443,,,I review review-1443 today.,"1,2,4,7,14,30"
1444,Core English,review-1444,,,I review review-1444 today.,"1,2,4,7,14,30"
1445,Core English,review-1445,,,I review review-1445 today.,"1,2,4,7,14,30"
1446,Core English,review-1446,,,I review review-1446 today.,"1,2,4,7,14,30"
1447,Core English,review-1447,,,I review review-1447 today.,"1,2,4,7,14,30"
1448,Core English,review-1448,,,I review review-1448 today.,"1,2,4,7,14,30"
1449,Core English,review-1449,,,I review review-1449 today.,"1,2,4,7,14,30"
1450,Core English,review-1450,,,I review review-1450 today.,"1,2,4,7,14,30"
1451,Core English,review-1451,,,I review review-1451 today.,"1,2,4,7,14,30"
1452,Core English,review-1452,,,I review review-1452 today.,"1,2,4,7,14,30"
1453,Core English,review-1453,,,I review review-1453 today.,"1,2,4,7,14,30"
1454,Core English,review-1454,,,I review review-1454 today.,"1,2,4,7,14,30"
1455,Core English,review-1455,,,I review review-1455 today.,"1,2,4,7,14,30"
1456,Core English,review-1456,,,I review review-1456 today.,"1,2,4,7,14,30"
1457,Core English,review-1457,,,I review review-1457 today.,"1,2,4,7,14,30"
1458,Core English,review-1458,,,I review review-1458 today.,"1,2,4,7,14,30"
1459,Core English,review-1459,,,I review review-1459 today.,"1,2,4,7,14,30"
1460,Core English,review-1460,,,I review review-1460 today.,"1,2,4,7,14,30"
1461,Core English,review-1461,,,I review review-1461 today.,"1,2,4,7,14,30"
1462,Core English,review-1462,,,I review review-1462 today.,"1,2,4,7,14,30"
1463,Core English,review-1463,,,I review review-1463 today.,"1,2,4,7,14,30"
1464,Core English,review-1464,,,I review review-1464 today.,"1,2,4,7,14,30"
1465,Core English,review-1465,,,I review review-1465 today.,"1,2,4,7,14,30"
1466,Core English,review-1466,,,I review review-1466 today.,"1,2,4,7,14,30"
1467,Core English,review-1467,,,I review review-1467 today.,"1,2,4,7,14,30"
1468,Core English,review-1468,,,I review review-1468 today.,"1,2,4,7,14,30"
1469,Core English,review-1469,,,I review review-1469 today.,"1,2,4,7,14,30"
1470,Core English,review-1470,,,I review review-1470 today.,"1,2,4,7,14,30"
1471,Core English,review-1471,,,I review review-1471 today.,"1,2,4,7,14,30"
1472,Core English,review-1472,,,I review review-1472 today.,"1,2,4,7,14,30"
1473,Core English,review-1473,,,I review review-1473 today.,"1,2,4,7,14,30"
1474,Core English,review-1474,,,I review review-1474 today.,"1,2,4,7,14,30"
1475,Core English,review-1475,,,I review review-1475 today.,"1,2,4,7,14,30"
1476,Core English,review-1476,,,I review review-1476 today.,"1,2,4,7,14,30"
1477,Core English,review-1477,,,I review review-1477 today.,"1,2,4,7,14,30"
1478,Core English,review-1478,,,I review review-1478 today.,"1,2,4,7,14,30"
1479,Core English,review-1479,,,I review review-1479 today.,"1,2,4,7,14,30"
1480,Core English,review-1480,,,I review review-1480 today.,"1,2,4,7,14,30"
1481,Core English,review-1481,,,I review review-1481 today.,"1,2,4,7,14,30"
1482,Core English,review-1482,,,I review review-1482 today.,"1,2,4,7,14,30"
1483,Core English,review-1483,,,I review review-1483 today.,"1,2,4,7,14,30"
1484,Core English,review-1484,,,I review review-1484 today.,"1,2,4,7,14,30"
1485,Core English,review-1485,,,I review review-1485 today.,"1,2,4,7,14,30"
1486,Core English,review-1486,,,I review review-1486 today.,"1,2,4,7,14,30"
1487,Core English,review-1487,,,I review review-1487 today.,"1,2,4,7,14,30"
1488,Core English,review-1488,,,I review review-1488 today.,"1,2,4,7,14,30"
1489,Core English,review-1489,,,I review review-1489 today.,"1,2,4,7,14,30"
1490,Core English,review-1490,,,I review review-1490 today.,"1,2,4,7,14,30"
1491,Core English,review-1491,,,I review review-1491 today.,"1,2,4,7,14,30"
1492,Core English,review-1492,,,I review review-1492 today.,"1,2,4,7,14,30"
1493,Core English,review-1493,,,I review review-1493 today.,"1,2,4,7,14,30"
1494,Core English,review-1494,,,I review review-1494 today.,"1,2,4,7,14,30"
1495,Core English,review-1495,,,I review review-1495 today.,"1,2,4,7,14,30"
1496,Core English,review-1496,,,I review review-1496 today.,"1,2,4,7,14,30"
1497,Core English,review-1497,,,I review review-1497 today.,"1,2,4,7,14,30"
1498,Core English,review-1498,,,I review review-1498 today.,"1,2,4,7,14,30"
1499,Core English,review-1499,,,I review review-1499 today.,"1,2,4,7,14,30"
1500,Core English,review-1500,,,I review review-1500 today.,"1,2,4,7,14,30"
1501,Core English,review-1501,,,I review review-1501 today.,"1,2,4,7,14,30"
1502,Core English,review-1502,,,I review review-1502 today.,"1,2,4,7,14,30"
1503,Core English,review-1503,,,I review review-1503 today.,"1,2,4,7,14,30"
1504,Core English,review-1504,,,I review review-1504 today.,"1,2,4,7,14,30"
1505,Core English,review-1505,,,I review review-1505 today.,"1,2,4,7,14,30"
1506,Core English,review-1506,,,I review review-1506 today.,"1,2,4,7,14,30"
1507,Core English,review-1507,,,I review review-1507 today.,"1,2,4,7,14,30"
1508,Core English,review-1508,,,I review review-1508 today.,"1,2,4,7,14,30"
1509,Core English,review-1509,,,I review review-1509 today.,"1,2,4,7,14,30"
1510,Core English,review-1510,,,I review review-1510 today.,"1,2,4,7,14,30"
1511,Core English,review-1511,,,I review review-1511 today.,"1,2,4,7,14,30"
1512,Core English,review-1512,,,I review review-1512 today.,"1,2,4,7,14,30"
1513,Core English,review-1513,,,I review review-1513 today.,"1,2,4,7,14,30"
1514,Core English,review-1514,,,I review review-1514 today.,"1,2,4,7,14,30"
1515,Core English,review-1515,,,I review review-1515 today.,"1,2,4,7,14,30"
1516,Core English,review-1516,,,I review review-1516 today.,"1,2,4,7,14,30"
1517,Core English,review-1517,,,I review review-1517 today.,"1,2,4,7,14,30"
1518,Core English,review-1518,,,I review review-1518 today.,"1,2,4,7,14,30"
1519,Core English,review-1519,,,I review review-1519 today.,"1,2,4,7,14,30"
1520,Core English,review-1520,,,I review review-1520 today.,"1,2,4,7,14,30"
1521,Core English,review-1521,,,I review review-1521 today.,"1,2,4,7,14,30"
1522,Core English,review-1522,,,I review review-1522 today.,"1,2,4,7,14,30"
1523,Core English,review-1523,,,I review review-1523 today.,"1,2,4,7,14,30"
1524,Core English,review-1524,,,I review review-1524 today.,"1,2,4,7,14,30"
1525,Core English,review-1525,,,I review review-1525 today.,"1,2,4,7,14,30"
1526,Core English,review-1526,,,I review review-1526 today.,"1,2,4,7,14,30"
1527,Core English,review-1527,,,I review review-1527 today.,"1,2,4,7,14,30"
1528,Core English,review-1528,,,I review review-1528 today.,"1,2,4,7,14,30"
1529,Core English,review-1529,,,I review review-1529 today.,"1,2,4,7,14,30"
1530,Core English,review-1530,,,I review review-1530 today.,"1,2,4,7,14,30"
1531,Core English,review-1531,,,I review review-1531 today.,"1,2,4,7,14,30"
1532,Core English,review-1532,,,I review review-1532 today.,"1,2,4,7,14,30"
1533,Core English,review-1533,,,I review review-1533 today.,"1,2,4,7,14,30"
1534,Core English,review-1534,,,I review review-1534 today.,"1,2,4,7,14,30"
1535,Core English,review-1535,,,I review review-1535 today.,"1,2,4,7,14,30"
1536,Core English,review-1536,,,I review review-1536 today.,"1,2,4,7,14,30"
1537,Core English,review-1537,,,I review review-1537 today.,"1,2,4,7,14,30"
1538,Core English,review-1538,,,I review review-1538 today.,"1,2,4,7,14,30"
1539,Core English,review-1539,,,I review review-1539 today.,"1,2,4,7,14,30"
1540,Core English,review-1540,,,I review review-1540 today.,"1,2,4,7,14,30"
1541,Core English,review-1541,,,I review review-1541 today.,"1,2,4,7,14,30"
1542,Core English,review-1542,,,I review review-1542 today.,"1,2,4,7,14,30"
1543,Core English,review-1543,,,I review review-1543 today.,"1,2,4,7,14,30"
1544,Core English,review-1544,,,I review review-1544 today.,"1,2,4,7,14,30"
1545,Core English,review-1545,,,I review review-1545 today.,"1,2,4,7,14,30"
1546,Core English,review-1546,,,I review review-1546 today.,"1,2,4,7,14,30"
1547,Core English,review-1547,,,I review review-1547 today.,"1,2,4,7,14,30"
1548,Core English,review-1548,,,I review review-1548 today.,"1,2,4,7,14,30"
1549,Core English,review-1549,,,I review review-1549 today.,"1,2,4,7,14,30"
1550,Core English,review-1550,,,I review review-1550 today.,"1,2,4,7,14,30"
1551,Core English,review-1551,,,I review review-1551 today.,"1,2,4,7,14,30"
1552,Core English,review-1552,,,I review review-1552 today.,"1,2,4,7,14,30"
1553,Core English,review-1553,,,I review review-1553 today.,"1,2,4,7,14,30"
1554,Core English,review-1554,,,I review review-1554 today.,"1,2,4,7,14,30"
1555,Core English,review-1555,,,I review review-1555 today.,"1,2,4,7,14,30"
1556,Core English,review-1556,,,I review review-1556 today.,"1,2,4,7,14,30"
1557,Core English,review-1557,,,I review review-1557 today.,"1,2,4,7,14,30"
1558,Core English,review-1558,,,I review review-1558 today.,"1,2,4,7,14,30"
1559,Core English,review-1559,,,I review review-1559 today.,"1,2,4,7,14,30"
1560,Core English,review-1560,,,I review review-1560 today.,"1,2,4,7,14,30"
1561,Core English,review-1561,,,I review review-1561 today.,"1,2,4,7,14,30"
1562,Core English,review-1562,,,I review review-1562 today.,"1,2,4,7,14,30"
1563,Core English,review-1563,,,I review review-1563 today.,"1,2,4,7,14,30"
1564,Core English,review-1564,,,I review review-1564 today.,"1,2,4,7,14,30"
1565,Core English,review-1565,,,I review review-1565 today.,"1,2,4,7,14,30"
1566,Core English,review-1566,,,I review review-1566 today.,"1,2,4,7,14,30"
1567,Core English,review-1567,,,I review review-1567 today.,"1,2,4,7,14,30"
1568,Core English,review-1568,,,I review review-1568 today.,"1,2,4,7,14,30"
1569,Core English,review-1569,,,I review review-1569 today.,"1,2,4,7,14,30"
1570,Core English,review-1570,,,I review review-1570 today.,"1,2,4,7,14,30"
1571,Core English,review-1571,,,I review review-1571 today.,"1,2,4,7,14,30"
1572,Core English,review-1572,,,I review review-1572 today.,"1,2,4,7,14,30"
1573,Core English,review-1573,,,I review review-1573 today.,"1,2,4,7,14,30"
1574,Core English,review-1574,,,I review review-1574 today.,"1,2,4,7,14,30"
1575,Core English,review-1575,,,I review review-1575 today.,"1,2,4,7,14,30"
1576,Core English,review-1576,,,I review review-1576 today.,"1,2,4,7,14,30"
1577,Core English,review-1577,,,I review review-1577 today.,"1,2,4,7,14,30"
1578,Core English,review-1578,,,I review review-1578 today.,"1,2,4,7,14,30"
1579,Core English,review-1579,,,I review review-1579 today.,"1,2,4,7,14,30"
1580,Core English,review-1580,,,I review review-1580 today.,"1,2,4,7,14,30"
1581,Core English,review-1581,,,I review review-1581 today.,"1,2,4,7,14,30"
1582,Core English,review-1582,,,I review review-1582 today.,"1,2,4,7,14,30"
1583,Core English,review-1583,,,I review review-1583 today.,"1,2,4,7,14,30"
1584,Core English,review-1584,,,I review review-1584 today.,"1,2,4,7,14,30"
1585,Core English,review-1585,,,I review review-1585 today.,"1,2,4,7,14,30"
1586,Core English,review-1586,,,I review review-1586 today.,"1,2,4,7,14,30"
1587,Core English,review-1587,,,I review review-1587 today.,"1,2,4,7,14,30"
1588,Core English,review-1588,,,I review review-1588 today.,"1,2,4,7,14,30"
1589,Core English,review-1589,,,I review review-1589 today.,"1,2,4,7,14,30"
1590,Core English,review-1590,,,I review review-1590 today.,"1,2,4,7,14,30"
1591,Core English,review-1591,,,I review review-1591 today.,"1,2,4,7,14,30"
1592,Core English,review-1592,,,I review review-1592 today.,"1,2,4,7,14,30"
1593,Core English,review-1593,,,I review review-1593 today.,"1,2,4,7,14,30"
1594,Core English,review-1594,,,I review review-1594 today.,"1,2,4,7,14,30"
1595,Core English,review-1595,,,I review review-1595 today.,"1,2,4,7,14,30"
1596,Core English,review-1596,,,I review review-1596 today.,"1,2,4,7,14,30"
1597,Core English,review-1597,,,I review review-1597 today.,"1,2,4,7,14,30"
1598,Core English,review-1598,,,I review review-1598 today.,"1,2,4,7,14,30"
1599,Core English,review-1599,,,I review review-1599 today.,"1,2,4,7,14,30"
1600,Core English,review-1600,,,I review review-1600 today.,"1,2,4,7,14,30"
1601,Core English,review-1601,,,I review review-1601 today.,"1,2,4,7,14,30"
1602,Core English,review-1602,,,I review review-1602 today.,"1,2,4,7,14,30"
1603,Core English,review-1603,,,I review review-1603 today.,"1,2,4,7,14,30"
1604,Core English,review-1604,,,I review review-1604 today.,"1,2,4,7,14,30"
1605,Core English,review-1605,,,I review review-1605 today.,"1,2,4,7,14,30"
1606,Core English,review-1606,,,I review review-1606 today.,"1,2,4,7,14,30"
1607,Core English,review-1607,,,I review review-1607 today.,"1,2,4,7,14,30"
1608,Core English,review-1608,,,I review review-1608 today.,"1,2,4,7,14,30"
1609,Core English,review-1609,,,I review review-1609 today.,"1,2,4,7,14,30"
1610,Core English,review-1610,,,I review review-1610 today.,"1,2,4,7,14,30"
1611,Core English,review-1611,,,I review review-1611 today.,"1,2,4,7,14,30"
1612,Core English,review-1612,,,I review review-1612 today.,"1,2,4,7,14,30"
1613,Core English,review-1613,,,I review review-1613 today.,"1,2,4,7,14,30"
1614,Core English,review-1614,,,I review review-1614 today.,"1,2,4,7,14,30"
1615,Core English,review-1615,,,I review review-1615 today.,"1,2,4,7,14,30"
1616,Core English,review-1616,,,I review review-1616 today.,"1,2,4,7,14,30"
1617,Core English,review-1617,,,I review review-1617 today.,"1,2,4,7,14,30"
1618,Core English,review-1618,,,I review review-1618 today.,"1,2,4,7,14,30"
1619,Core English,review-1619,,,I review review-1619 today.,"1,2,4,7,14,30"
1620,Core English,review-1620,,,I review review-1620 today.,"1,2,4,7,14,30"
1621,Core English,review-1621,,,I review review-1621 today.,"1,2,4,7,14,30"
1622,Core English,review-1622,,,I review review-1622 today.,"1,2,4,7,14,30"
1623,Core English,review-1623,,,I review review-1623 today.,"1,2,4,7,14,30"
1624,Core English,review-1624,,,I review review-1624 today.,"1,2,4,7,14,30"
1625,Core English,review-1625,,,I review review-1625 today.,"1,2,4,7,14,30"
1626,Core English,review-1626,,,I review review-1626 today.,"1,2,4,7,14,30"
1627,Core English,review-1627,,,I review review-1627 today.,"1,2,4,7,14,30"
1628,Core English,review-1628,,,I review review-1628 today.,"1,2,4,7,14,30"
1629,Core English,review-1629,,,I review review-1629 today.,"1,2,4,7,14,30"
1630,Core English,review-1630,,,I review review-1630 today.,"1,2,4,7,14,30"
1631,Core English,review-1631,,,I review review-1631 today.,"1,2,4,7,14,30"
1632,Core English,review-1632,,,I review review-1632 today.,"1,2,4,7,14,30"
1633,Core English,review-1633,,,I review review-1633 today.,"1,2,4,7,14,30"
1634,Core English,review-1634,,,I review review-1634 today.,"1,2,4,7,14,30"
1635,Core English,review-1635,,,I review review-1635 today.,"1,2,4,7,14,30"
1636,Core English,review-1636,,,I review review-1636 today.,"1,2,4,7,14,30"
1637,Core English,review-1637,,,I review review-1637 today.,"1,2,4,7,14,30"
1638,Core English,review-1638,,,I review review-1638 today.,"1,2,4,7,14,30"
1639,Core English,review-1639,,,I review review-1639 today.,"1,2,4,7,14,30"
1640,Core English,review-1640,,,I review review-1640 today.,"1,2,4,7,14,30"
1641,Core English,review-1641,,,I review review-1641 today.,"1,2,4,7,14,30"
1642,Core English,review-1642,,,I review review-1642 today.,"1,2,4,7,14,30"
1643,Core English,review-1643,,,I review review-1643 today.,"1,2,4,7,14,30"
1644,Core English,review-1644,,,I review review-1644 today.,"1,2,4,7,14,30"
1645,Core English,review-1645,,,I review review-1645 today.,"1,2,4,7,14,30"
1646,Core English,review-1646,,,I review review-1646 today.,"1,2,4,7,14,30"
1647,Core English,review-1647,,,I review review-1647 today.,"1,2,4,7,14,30"
1648,Core English,review-1648,,,I review review-1648 today.,"1,2,4,7,14,30"
1649,Core English,review-1649,,,I review review-1649 today.,"1,2,4,7,14,30"
1650,Core English,review-1650,,,I review review-1650 today.,"1,2,4,7,14,30"
1651,Core English,review-1651,,,I review review-1651 today.,"1,2,4,7,14,30"
1652,Core English,review-1652,,,I review review-1652 today.,"1,2,4,7,14,30"
1653,Core English,review-1653,,,I review review-1653 today.,"1,2,4,7,14,30"
1654,Core English,review-1654,,,I review review-1654 today.,"1,2,4,7,14,30"
1655,Core English,review-1655,,,I review review-1655 today.,"1,2,4,7,14,30"
1656,Core English,review-1656,,,I review review-1656 today.,"1,2,4,7,14,30"
1657,Core English,review-1657,,,I review review-1657 today.,"1,2,4,7,14,30"
1658,Core English,review-1658,,,I review review-1658 today.,"1,2,4,7,14,30"
1659,Core English,review-1659,,,I review review-1659 today.,"1,2,4,7,14,30"
1660,Core English,review-1660,,,I review review-1660 today.,"1,2,4,7,14,30"
1661,Core English,review-1661,,,I review review-1661 today.,"1,2,4,7,14,30"
1662,Core English,review-1662,,,I review review-1662 today.,"1,2,4,7,14,30"
1663,Core English,review-1663,,,I review review-1663 today.,"1,2,4,7,14,30"
1664,Core English,review-1664,,,I review review-1664 today.,"1,2,4,7,14,30"
1665,Core English,review-1665,,,I review review-1665 today.,"1,2,4,7,14,30"
1666,Core English,review-1666,,,I review review-1666 today.,"1,2,4,7,14,30"
1667,Core English,review-1667,,,I review review-1667 today.,"1,2,4,7,14,30"
1668,Core English,review-1668,,,I review review-1668 today.,"1,2,4,7,14,30"
1669,Core English,review-1669,,,I review review-1669 today.,"1,2,4,7,14,30"
1670,Core English,review-1670,,,I review review-1670 today.,"1,2,4,7,14,30"
1671,Core English,review-1671,,,I review review-1671 today.,"1,2,4,7,14,30"
1672,Core English,review-1672,,,I review review-1672 today.,"1,2,4,7,14,30"
1673,Core English,review-1673,,,I review review-1673 today.,"1,2,4,7,14,30"
1674,Core English,review-1674,,,I review review-1674 today.,"1,2,4,7,14,30"
1675,Core English,review-1675,,,I review review-1675 today.,"1,2,4,7,14,30"
1676,Core English,review-1676,,,I review review-1676 today.,"1,2,4,7,14,30"
1677,Core English,review-1677,,,I review review-1677 today.,"1,2,4,7,14,30"
1678,Core English,review-1678,,,I review review-1678 today.,"1,2,4,7,14,30"
1679,Core English,review-1679,,,I review review-1679 today.,"1,2,4,7,14,30"
1680,Core English,review-1680,,,I review review-1680 today.,"1,2,4,7,14,30"
1681,Core English,review-1681,,,I review review-1681 today.,"1,2,4,7,14,30"
1682,Core English,review-1682,,,I review review-1682 today.,"1,2,4,7,14,30"
1683,Core English,review-1683,,,I review review-1683 today.,"1,2,4,7,14,30"
1684,Core English,review-1684,,,I review review-1684 today.,"1,2,4,7,14,30"
1685,Core English,review-1685,,,I review review-1685 today.,"1,2,4,7,14,30"
1686,Core English,review-1686,,,I review review-1686 today.,"1,2,4,7,14,30"
1687,Core English,review-1687,,,I review review-1687 today.,"1,2,4,7,14,30"
1688,Core English,review-1688,,,I review review-1688 today.,"1,2,4,7,14,30"
1689,Core English,review-1689,,,I review review-1689 today.,"1,2,4,7,14,30"
1690,Core English,review-1690,,,I review review-1690 today.,"1,2,4,7,14,30"
1691,Core English,review-1691,,,I review review-1691 today.,"1,2,4,7,14,30"
1692,Core English,review-1692,,,I review review-1692 today.,"1,2,4,7,14,30"
1693,Core English,review-1693,,,I review review-1693 today.,"1,2,4,7,14,30"
1694,Core English,review-1694,,,I review review-1694 today.,"1,2,4,7,14,30"
1695,Core English,review-1695,,,I review review-1695 today.,"1,2,4,7,14,30"
1696,Core English,review-1696,,,I review review-1696 today.,"1,2,4,7,14,30"
1697,Core English,review-1697,,,I review review-1697 today.,"1,2,4,7,14,30"
1698,Core English,review-1698,,,I review review-1698 today.,"1,2,4,7,14,30"
1699,Core English,review-1699,,,I review review-1699 today.,"1,2,4,7,14,30"
1700,Core English,review-1700,,,I review review-1700 today.,"1,2,4,7,14,30"
1701,Core English,review-1701,,,I review review-1701 today.,"1,2,4,7,14,30"
1702,Core English,review-1702,,,I review review-1702 today.,"1,2,4,7,14,30"
1703,Core English,review-1703,,,I review review-1703 today.,"1,2,4,7,14,30"
1704,Core English,review-1704,,,I review review-1704 today.,"1,2,4,7,14,30"
1705,Core English,review-1705,,,I review review-1705 today.,"1,2,4,7,14,30"
1706,Core English,review-1706,,,I review review-1706 today.,"1,2,4,7,14,30"
1707,Core English,review-1707,,,I review review-1707 today.,"1,2,4,7,14,30"
1708,Core English,review-1708,,,I review review-1708 today.,"1,2,4,7,14,30"
1709,Core English,review-1709,,,I review review-1709 today.,"1,2,4,7,14,30"
1710,Core English,review-1710,,,I review review-1710 today.,"1,2,4,7,14,30"
1711,Core English,review-1711,,,I review review-1711 today.,"1,2,4,7,14,30"
1712,Core English,review-1712,,,I review review-1712 today.,"1,2,4,7,14,30"
1713,Core English,review-1713,,,I review review-1713 today.,"1,2,4,7,14,30"
1714,Core English,review-1714,,,I review review-1714 today.,"1,2,4,7,14,30"
1715,Core English,review-1715,,,I review review-1715 today.,"1,2,4,7,14,30"
1716,Core English,review-1716,,,I review review-1716 today.,"1,2,4,7,14,30"
1717,Core English,review-1717,,,I review review-1717 today.,"1,2,4,7,14,30"
1718,Core English,review-1718,,,I review review-1718 today.,"1,2,4,7,14,30"
1719,Core English,review-1719,,,I review review-1719 today.,"1,2,4,7,14,30"
1720,Core English,review-1720,,,I review review-1720 today.,"1,2,4,7,14,30"
1721,Core English,review-1721,,,I review review-1721 today.,"1,2,4,7,14,30"
1722,Core English,review-1722,,,I review review-1722 today.,"1,2,4,7,14,30"
1723,Core English,review-1723,,,I review review-1723 today.,"1,2,4,7,14,30"
1724,Core English,review-1724,,,I review review-1724 today.,"1,2,4,7,14,30"
1725,Core English,review-1725,,,I review review-1725 today.,"1,2,4,7,14,30"
1726,Core English,review-1726,,,I review review-1726 today.,"1,2,4,7,14,30"
1727,Core English,review-1727,,,I review review-1727 today.,"1,2,4,7,14,30"
1728,Core English,review-1728,,,I review review-1728 today.,"1,2,4,7,14,30"
1729,Core English,review-1729,,,I review review-1729 today.,"1,2,4,7,14,30"
1730,Core English,review-1730,,,I review review-1730 today.,"1,2,4,7,14,30"
1731,Core English,review-1731,,,I review review-1731 today.,"1,2,4,7,14,30"
1732,Core English,review-1732,,,I review review-1732 today.,"1,2,4,7,14,30"
1733,Core English,review-1733,,,I review review-1733 today.,"1,2,4,7,14,30"
1734,Core English,review-1734,,,I review review-1734 today.,"1,2,4,7,14,30"
1735,Core English,review-1735,,,I review review-1735 today.,"1,2,4,7,14,30"
1736,Core English,review-1736,,,I review review-1736 today.,"1,2,4,7,14,30"
1737,Core English,review-1737,,,I review review-1737 today.,"1,2,4,7,14,30"
1738,Core English,review-1738,,,I review review-1738 today.,"1,2,4,7,14,30"
1739,Core English,review-1739,,,I review review-1739 today.,"1,2,4,7,14,30"
1740,Core English,review-1740,,,I review review-1740 today.,"1,2,4,7,14,30"
1741,Core English,review-1741,,,I review review-1741 today.,"1,2,4,7,14,30"
1742,Core English,review-1742,,,I review review-1742 today.,"1,2,4,7,14,30"
1743,Core English,review-1743,,,I review review-1743 today.,"1,2,4,7,14,30"
1744,Core English,review-1744,,,I review review-1744 today.,"1,2,4,7,14,30"
1745,Core English,review-1745,,,I review review-1745 today.,"1,2,4,7,14,30"
1746,Core English,review-1746,,,I review review-1746 today.,"1,2,4,7,14,30"
1747,Core English,review-1747,,,I review review-1747 today.,"1,2,4,7,14,30"
1748,Core English,review-1748,,,I review review-1748 today.,"1,2,4,7,14,30"
1749,Core English,review-1749,,,I review review-1749 today.,"1,2,4,7,14,30"
1750,Core English,review-1750,,,I review review-1750 today.,"1,2,4,7,14,30"
1751,Core English,review-1751,,,I review review-1751 today.,"1,2,4,7,14,30"
1752,Core English,review-1752,,,I review review-1752 today.,"1,2,4,7,14,30"
1753,Core English,review-1753,,,I review review-1753 today.,"1,2,4,7,14,30"
1754,Core English,review-1754,,,I review review-1754 today.,"1,2,4,7,14,30"
1755,Core English,review-1755,,,I review review-1755 today.,"1,2,4,7,14,30"
1756,Core English,review-1756,,,I review review-1756 today.,"1,2,4,7,14,30"
1757,Core English,review-1757,,,I review review-1757 today.,"1,2,4,7,14,30"
1758,Core English,review-1758,,,I review review-1758 today.,"1,2,4,7,14,30"
1759,Core English,review-1759,,,I review review-1759 today.,"1,2,4,7,14,30"
1760,Core English,review-1760,,,I review review-1760 today.,"1,2,4,7,14,30"
1761,Core English,review-1761,,,I review review-1761 today.,"1,2,4,7,14,30"
1762,Core English,review-1762,,,I review review-1762 today.,"1,2,4,7,14,30"
1763,Core English,review-1763,,,I review review-1763 today.,"1,2,4,7,14,30"
1764,Core English,review-1764,,,I review review-1764 today.,"1,2,4,7,14,30"
1765,Core English,review-1765,,,I review review-1765 today.,"1,2,4,7,14,30"
1766,Core English,review-1766,,,I review review-1766 today.,"1,2,4,7,14,30"
1767,Core English,review-1767,,,I review review-1767 today.,"1,2,4,7,14,30"
1768,Core English,review-1768,,,I review review-1768 today.,"1,2,4,7,14,30"
1769,Core English,review-1769,,,I review review-1769 today.,"1,2,4,7,14,30"
1770,Core English,review-1770,,,I review review-1770 today.,"1,2,4,7,14,30"
1771,Core English,review-1771,,,I review review-1771 today.,"1,2,4,7,14,30"
1772,Core English,review-1772,,,I review review-1772 today.,"1,2,4,7,14,30"
1773,Core English,review-1773,,,I review review-1773 today.,"1,2,4,7,14,30"
1774,Core English,review-1774,,,I review review-1774 today.,"1,2,4,7,14,30"
1775,Core English,review-1775,,,I review review-1775 today.,"1,2,4,7,14,30"
1776,Core English,review-1776,,,I review review-1776 today.,"1,2,4,7,14,30"
1777,Core English,review-1777,,,I review review-1777 today.,"1,2,4,7,14,30"
1778,Core English,review-1778,,,I review review-1778 today.,"1,2,4,7,14,30"
1779,Core English,review-1779,,,I review review-1779 today.,"1,2,4,7,14,30"
1780,Core English,review-1780,,,I review review-1780 today.,"1,2,4,7,14,30"
1781,Core English,review-1781,,,I review review-1781 today.,"1,2,4,7,14,30"
1782,Core English,review-1782,,,I review review-1782 today.,"1,2,4,7,14,30"
1783,Core English,review-1783,,,I review review-1783 today.,"1,2,4,7,14,30"
1784,Core English,review-1784,,,I review review-1784 today.,"1,2,4,7,14,30"
1785,Core English,review-1785,,,I review review-1785 today.,"1,2,4,7,14,30"
1786,Core English,review-1786,,,I review review-1786 today.,"1,2,4,7,14,30"
1787,Core English,review-1787,,,I review review-1787 today.,"1,2,4,7,14,30"
1788,Core English,review-1788,,,I review review-1788 today.,"1,2,4,7,14,30"
1789,Core English,review-1789,,,I review review-1789 today.,"1,2,4,7,14,30"
1790,Core English,review-1790,,,I review review-1790 today.,"1,2,4,7,14,30"
1791,Core English,review-1791,,,I review review-1791 today.,"1,2,4,7,14,30"
1792,Core English,review-1792,,,I review review-1792 today.,"1,2,4,7,14,30"
1793,Core English,review-1793,,,I review review-1793 today.,"1,2,4,7,14,30"
1794,Core English,review-1794,,,I review review-1794 today.,"1,2,4,7,14,30"
1795,Core English,review-1795,,,I review review-1795 today.,"1,2,4,7,14,30"
1796,Core English,review-1796,,,I review review-1796 today.,"1,2,4,7,14,30"
1797,Core English,review-1797,,,I review review-1797 today.,"1,2,4,7,14,30"
1798,Core English,review-1798,,,I review review-1798 today.,"1,2,4,7,14,30"
1799,Core English,review-1799,,,I review review-1799 today.,"1,2,4,7,14,30"
1800,Core English,review-1800,,,I review review-1800 today.,"1,2,4,7,14,30"
1801,Core English,review-1801,,,I review review-1801 today.,"1,2,4,7,14,30"
1802,Core English,review-1802,,,I review review-1802 today.,"1,2,4,7,14,30"
1803,Core English,review-1803,,,I review review-1803 today.,"1,2,4,7,14,30"
1804,Core English,review-1804,,,I review review-1804 today.,"1,2,4,7,14,30"
1805,Core English,review-1805,,,I review review-1805 today.,"1,2,4,7,14,30"
1806,Core English,review-1806,,,I review review-1806 today.,"1,2,4,7,14,30"
1807,Core English,review-1807,,,I review review-1807 today.,"1,2,4,7,14,30"
1808,Core English,review-1808,,,I review review-1808 today.,"1,2,4,7,14,30"
1809,Core English,review-1809,,,I review review-1809 today.,"1,2,4,7,14,30"
1810,Core English,review-1810,,,I review review-1810 today.,"1,2,4,7,14,30"
1811,Core English,review-1811,,,I review review-1811 today.,"1,2,4,7,14,30"
1812,Core English,review-1812,,,I review review-1812 today.,"1,2,4,7,14,30"
1813,Core English,review-1813,,,I review review-1813 today.,"1,2,4,7,14,30"
1814,Core English,review-1814,,,I review review-1814 today.,"1,2,4,7,14,30"
1815,Core English,review-1815,,,I review review-1815 today.,"1,2,4,7,14,30"
1816,Core English,review-1816,,,I review review-1816 today.,"1,2,4,7,14,30"
1817,Core English,review-1817,,,I review review-1817 today.,"1,2,4,7,14,30"
1818,Core English,review-1818,,,I review review-1818 today.,"1,2,4,7,14,30"
1819,Core English,review-1819,,,I review review-1819 today.,"1,2,4,7,14,30"
1820,Core English,review-1820,,,I review review-1820 today.,"1,2,4,7,14,30"
1821,Core English,review-1821,,,I review review-1821 today.,"1,2,4,7,14,30"
1822,Core English,review-1822,,,I review review-1822 today.,"1,2,4,7,14,30"
1823,Core English,review-1823,,,I review review-1823 today.,"1,2,4,7,14,30"
1824,Core English,review-1824,,,I review review-1824 today.,"1,2,4,7,14,30"
1825,Core English,review-1825,,,I review review-1825 today.,"1,2,4,7,14,30"
1826,Core English,review-1826,,,I review review-1826 today.,"1,2,4,7,14,30"
1827,Core English,review-1827,,,I review review-1827 today.,"1,2,4,7,14,30"
1828,Core English,review-1828,,,I review review-1828 today.,"1,2,4,7,14,30"
1829,Core English,review-1829,,,I review review-1829 today.,"1,2,4,7,14,30"
1830,Core English,review-1830,,,I review review-1830 today.,"1,2,4,7,14,30"
1831,Core English,review-1831,,,I review review-1831 today.,"1,2,4,7,14,30"
1832,Core English,review-1832,,,I review review-1832 today.,"1,2,4,7,14,30"
1833,Core English,review-1833,,,I review review-1833 today.,"1,2,4,7,14,30"
1834,Core English,review-1834,,,I review review-1834 today.,"1,2,4,7,14,30"
1835,Core English,review-1835,,,I review review-1835 today.,"1,2,4,7,14,30"
1836,Core English,review-1836,,,I review review-1836 today.,"1,2,4,7,14,30"
1837,Core English,review-1837,,,I review review-1837 today.,"1,2,4,7,14,30"
1838,Core English,review-1838,,,I review review-1838 today.,"1,2,4,7,14,30"
1839,Core English,review-1839,,,I review review-1839 today.,"1,2,4,7,14,30"
1840,Core English,review-1840,,,I review review-1840 today.,"1,2,4,7,14,30"
1841,Core English,review-1841,,,I review review-1841 today.,"1,2,4,7,14,30"
1842,Core English,review-1842,,,I review review-1842 today.,"1,2,4,7,14,30"
1843,Core English,review-1843,,,I review review-1843 today.,"1,2,4,7,14,30"
1844,Core English,review-1844,,,I review review-1844 today.,"1,2,4,7,14,30"
1845,Core English,review-1845,,,I review review-1845 today.,"1,2,4,7,14,30"
1846,Core English,review-1846,,,I review review-1846 today.,"1,2,4,7,14,30"
1847,Core English,review-1847,,,I review review-1847 today.,"1,2,4,7,14,30"
1848,Core English,review-1848,,,I review review-1848 today.,"1,2,4,7,14,30"
1849,Core English,review-1849,,,I review review-1849 today.,"1,2,4,7,14,30"
1850,Core English,review-1850,,,I review review-1850 today.,"1,2,4,7,14,30"
1851,Core English,review-1851,,,I review review-1851 today.,"1,2,4,7,14,30"
1852,Core English,review-1852,,,I review review-1852 today.,"1,2,4,7,14,30"
1853,Core English,review-1853,,,I review review-1853 today.,"1,2,4,7,14,30"
1854,Core English,review-1854,,,I review review-1854 today.,"1,2,4,7,14,30"
1855,Core English,review-1855,,,I review review-1855 today.,"1,2,4,7,14,30"
1856,Core English,review-1856,,,I review review-1856 today.,"1,2,4,7,14,30"
1857,Core English,review-1857,,,I review review-1857 today.,"1,2,4,7,14,30"
1858,Core English,review-1858,,,I review review-1858 today.,"1,2,4,7,14,30"
1859,Core English,review-1859,,,I review review-1859 today.,"1,2,4,7,14,30"
1860,Core English,review-1860,,,I review review-1860 today.,"1,2,4,7,14,30"
1861,Core English,review-1861,,,I review review-1861 today.,"1,2,4,7,14,30"
1862,Core English,review-1862,,,I review review-1862 today.,"1,2,4,7,14,30"
1863,Core English,review-1863,,,I review review-1863 today.,"1,2,4,7,14,30"
1864,Core English,review-1864,,,I review review-1864 today.,"1,2,4,7,14,30"
1865,Core English,review-1865,,,I review review-1865 today.,"1,2,4,7,14,30"
1866,Core English,review-1866,,,I review review-1866 today.,"1,2,4,7,14,30"
1867,Core English,review-1867,,,I review review-1867 today.,"1,2,4,7,14,30"
1868,Core English,review-1868,,,I review review-1868 today.,"1,2,4,7,14,30"
1869,Core English,review-1869,,,I review review-1869 today.,"1,2,4,7,14,30"
1870,Core English,review-1870,,,I review review-1870 today.,"1,2,4,7,14,30"
1871,Core English,review-1871,,,I review review-1871 today.,"1,2,4,7,14,30"
1872,Core English,review-1872,,,I review review-1872 today.,"1,2,4,7,14,30"
1873,Core English,review-1873,,,I review review-1873 today.,"1,2,4,7,14,30"
1874,Core English,review-1874,,,I review review-1874 today.,"1,2,4,7,14,30"
1875,Core English,review-1875,,,I review review-1875 today.,"1,2,4,7,14,30"
1876,Core English,review-1876,,,I review review-1876 today.,"1,2,4,7,14,30"
1877,Core English,review-1877,,,I review review-1877 today.,"1,2,4,7,14,30"
1878,Core English,review-1878,,,I review review-1878 today.,"1,2,4,7,14,30"
1879,Core English,review-1879,,,I review review-1879 today.,"1,2,4,7,14,30"
1880,Core English,review-1880,,,I review review-1880 today.,"1,2,4,7,14,30"
1881,Core English,review-1881,,,I review review-1881 today.,"1,2,4,7,14,30"
1882,Core English,review-1882,,,I review review-1882 today.,"1,2,4,7,14,30"
1883,Core English,review-1883,,,I review review-1883 today.,"1,2,4,7,14,30"
1884,Core English,review-1884,,,I review review-1884 today.,"1,2,4,7,14,30"
1885,Core English,review-1885,,,I review review-1885 today.,"1,2,4,7,14,30"
1886,Core English,review-1886,,,I review review-1886 today.,"1,2,4,7,14,30"
1887,Core English,review-1887,,,I review review-1887 today.,"1,2,4,7,14,30"
1888,Core English,review-1888,,,I review review-1888 today.,"1,2,4,7,14,30"
1889,Core English,review-1889,,,I review review-1889 today.,"1,2,4,7,14,30"
1890,Core English,review-1890,,,I review review-1890 today.,"1,2,4,7,14,30"
1891,Core English,review-1891,,,I review review-1891 today.,"1,2,4,7,14,30"
1892,Core English,review-1892,,,I review review-1892 today.,"1,2,4,7,14,30"
1893,Core English,review-1893,,,I review review-1893 today.,"1,2,4,7,14,30"
1894,Core English,review-1894,,,I review review-1894 today.,"1,2,4,7,14,30"
1895,Core English,review-1895,,,I review review-1895 today.,"1,2,4,7,14,30"
1896,Core English,review-1896,,,I review review-1896 today.,"1,2,4,7,14,30"
1897,Core English,review-1897,,,I review review-1897 today.,"1,2,4,7,14,30"
1898,Core English,review-1898,,,I review review-1898 today.,"1,2,4,7,14,30"
1899,Core English,review-1899,,,I review review-1899 today.,"1,2,4,7,14,30"
1900,Core English,review-1900,,,I review review-1900 today.,"1,2,4,7,14,30"
1901,Core English,review-1901,,,I review review-1901 today.,"1,2,4,7,14,30"
1902,Core English,review-1902,,,I review review-1902 today.,"1,2,4,7,14,30"
1903,Core English,review-1903,,,I review review-1903 today.,"1,2,4,7,14,30"
1904,Core English,review-1904,,,I review review-1904 today.,"1,2,4,7,14,30"
1905,Core English,review-1905,,,I review review-1905 today.,"1,2,4,7,14,30"
1906,Core English,review-1906,,,I review review-1906 today.,"1,2,4,7,14,30"
1907,Core English,review-1907,,,I review review-1907 today.,"1,2,4,7,14,30"
1908,Core English,review-1908,,,I review review-1908 today.,"1,2,4,7,14,30"
1909,Core English,review-1909,,,I review review-1909 today.,"1,2,4,7,14,30"
1910,Core English,review-1910,,,I review review-1910 today.,"1,2,4,7,14,30"
1911,Core English,review-1911,,,I review review-1911 today.,"1,2,4,7,14,30"
1912,Core English,review-1912,,,I review review-1912 today.,"1,2,4,7,14,30"
1913,Core English,review-1913,,,I review review-1913 today.,"1,2,4,7,14,30"
1914,Core English,review-1914,,,I review review-1914 today.,"1,2,4,7,14,30"
1915,Core English,review-1915,,,I review review-1915 today.,"1,2,4,7,14,30"
1916,Core English,review-1916,,,I review review-1916 today.,"1,2,4,7,14,30"
1917,Core English,review-1917,,,I review review-1917 today.,"1,2,4,7,14,30"
1918,Core English,review-1918,,,I review review-1918 today.,"1,2,4,7,14,30"
1919,Core English,review-1919,,,I review review-1919 today.,"1,2,4,7,14,30"
1920,Core English,review-1920,,,I review review-1920 today.,"1,2,4,7,14,30"
1921,Core English,review-1921,,,I review review-1921 today.,"1,2,4,7,14,30"
1922,Core English,review-1922,,,I review review-1922 today.,"1,2,4,7,14,30"
1923,Core English,review-1923,,,I review review-1923 today.,"1,2,4,7,14,30"
1924,Core English,review-1924,,,I review review-1924 today.,"1,2,4,7,14,30"
1925,Core English,review-1925,,,I review review-1925 today.,"1,2,4,7,14,30"
1926,Core English,review-1926,,,I review review-1926 today.,"1,2,4,7,14,30"
1927,Core English,review-1927,,,I review review-1927 today.,"1,2,4,7,14,30"
1928,Core English,review-1928,,,I review review-1928 today.,"1,2,4,7,14,30"
1929,Core English,review-1929,,,I review review-1929 today.,"1,2,4,7,14,30"
1930,Core English,review-1930,,,I review review-1930 today.,"1,2,4,7,14,30"
1931,Core English,review-1931,,,I review review-1931 today.,"1,2,4,7,14,30"
1932,Core English,review-1932,,,I review review-1932 today.,"1,2,4,7,14,30"
1933,Core English,review-1933,,,I review review-1933 today.,"1,2,4,7,14,30"
1934,Core English,review-1934,,,I review review-1934 today.,"1,2,4,7,14,30"
1935,Core English,review-1935,,,I review review-1935 today.,"1,2,4,7,14,30"
1936,Core English,review-1936,,,I review review-1936 today.,"1,2,4,7,14,30"
1937,Core English,review-1937,,,I review review-1937 today.,"1,2,4,7,14,30"
1938,Core English,review-1938,,,I review review-1938 today.,"1,2,4,7,14,30"
1939,Core English,review-1939,,,I review review-1939 today.,"1,2,4,7,14,30"
1940,Core English,review-1940,,,I review review-1940 today.,"1,2,4,7,14,30"
1941,Core English,review-1941,,,I review review-1941 today.,"1,2,4,7,14,30"
1942,Core English,review-1942,,,I review review-1942 today.,"1,2,4,7,14,30"
1943,Core English,review-1943,,,I review review-1943 today.,"1,2,4,7,14,30"
1944,Core English,review-1944,,,I review review-1944 today.,"1,2,4,7,14,30"
1945,Core English,review-1945,,,I review review-1945 today.,"1,2,4,7,14,30"
1946,Core English,review-1946,,,I review review-1946 today.,"1,2,4,7,14,30"
1947,Core English,review-1947,,,I review review-1947 today.,"1,2,4,7,14,30"
1948,Core English,review-1948,,,I review review-1948 today.,"1,2,4,7,14,30"
1949,Core English,review-1949,,,I review review-1949 today.,"1,2,4,7,14,30"
1950,Core English,review-1950,,,I review review-1950 today.,"1,2,4,7,14,30"
1951,Core English,review-1951,,,I review review-1951 today.,"1,2,4,7,14,30"
1952,Core English,review-1952,,,I review review-1952 today.,"1,2,4,7,14,30"
1953,Core English,review-1953,,,I review review-1953 today.,"1,2,4,7,14,30"
1954,Core English,review-1954,,,I review review-1954 today.,"1,2,4,7,14,30"
1955,Core English,review-1955,,,I review review-1955 today.,"1,2,4,7,14,30"
1956,Core English,review-1956,,,I review review-1956 today.,"1,2,4,7,14,30"
1957,Core English,review-1957,,,I review review-1957 today.,"1,2,4,7,14,30"
1958,Core English,review-1958,,,I review review-1958 today.,"1,2,4,7,14,30"
1959,Core English,review-1959,,,I review review-1959 today.,"1,2,4,7,14,30"
1960,Core English,review-1960,,,I review review-1960 today.,"1,2,4,7,14,30"
1961,Core English,review-1961,,,I review review-1961 today.,"1,2,4,7,14,30"
1962,Core English,review-1962,,,I review review-1962 today.,"1,2,4,7,14,30"
1963,Core English,review-1963,,,I review review-1963 today.,"1,2,4,7,14,30"
1964,Core English,review-1964,,,I review review-1964 today.,"1,2,4,7,14,30"
1965,Core English,review-1965,,,I review review-1965 today.,"1,2,4,7,14,30"
1966,Core English,review-1966,,,I review review-1966 today.,"1,2,4,7,14,30"
1967,Core English,review-1967,,,I review review-1967 today.,"1,2,4,7,14,30"
1968,Core English,review-1968,,,I review review-1968 today.,"1,2,4,7,14,30"
1969,Core English,review-1969,,,I review review-1969 today.,"1,2,4,7,14,30"
1970,Core English,review-1970,,,I review review-1970 today.,"1,2,4,7,14,30"
1971,Core English,review-1971,,,I review review-1971 today.,"1,2,4,7,14,30"
1972,Core English,review-1972,,,I review review-1972 today.,"1,2,4,7,14,30"
1973,Core English,review-1973,,,I review review-1973 today.,"1,2,4,7,14,30"
1974,Core English,review-1974,,,I review review-1974 today.,"1,2,4,7,14,30"
1975,Core English,review-1975,,,I review review-1975 today.,"1,2,4,7,14,30"
1976,Core English,review-1976,,,I review review-1976 today.,"1,2,4,7,14,30"
1977,Core English,review-1977,,,I review review-1977 today.,"1,2,4,7,14,30"
1978,Core English,review-1978,,,I review review-1978 today.,"1,2,4,7,14,30"
1979,Core English,review-1979,,,I review review-1979 today.,"1,2,4,7,14,30"
1980,Core English,review-1980,,,I review review-1980 today.,"1,2,4,7,14,30"
1981,Core English,review-1981,,,I review review-1981 today.,"1,2,4,7,14,30"
1982,Core English,review-1982,,,I review review-1982 today.,"1,2,4,7,14,30"
1983,Core English,review-1983,,,I review review-1983 today.,"1,2,4,7,14,30"
1984,Core English,review-1984,,,I review review-1984 today.,"1,2,4,7,14,30"
1985,Core English,review-1985,,,I review review-1985 today.,"1,2,4,7,14,30"
1986,Core English,review-1986,,,I review review-1986 today.,"1,2,4,7,14,30"
1987,Core English,review-1987,,,I review review-1987 today.,"1,2,4,7,14,30"
1988,Core English,review-1988,,,I review review-1988 today.,"1,2,4,7,14,30"
1989,Core English,review-1989,,,I review review-1989 today.,"1,2,4,7,14,30"
1990,Core English,review-1990,,,I review review-1990 today.,"1,2,4,7,14,30"
1991,Core English,review-1991,,,I review review-1991 today.,"1,2,4,7,14,30"
1992,Core English,review-1992,,,I review review-1992 today.,"1,2,4,7,14,30"
1993,Core English,review-1993,,,I review review-1993 today.,"1,2,4,7,14,30"
1994,Core English,review-1994,,,I review review-1994 today.,"1,2,4,7,14,30"
1995,Core English,review-1995,,,I review review-1995 today.,"1,2,4,7,14,30"
1996,Core English,review-1996,,,I review review-1996 today.,"1,2,4,7,14,30"
1997,Core English,review-1997,,,I review review-1997 today.,"1,2,4,7,14,30"
1998,Core English,review-1998,,,I review review-1998 today.,"1,2,4,7,14,30"
1999,Core English,review-1999,,,I review review-1999 today.,"1,2,4,7,14,30"
2000,Core English,review-2000,,,I review review-2000 today.,"1,2,4,7,14,30"
